addr1,addr2,city,state,zip,matchbackid,tsmart_latitude,tsmart_longitude,tsmart_geolevel,tsmart_censusid
14000 Westall St,,Austin,TX,78725,1,30.241837,-97.58842,Street,4.8453E+14
12135 Thompkins Dr,,Austin,TX,78753,2,30.388033,-97.660664,Street,4.8453E+14
11211 Tom Adams Dr,,Austin,TX,78753,3,30.373416,-97.669016,Street,4.8453E+14
10335 US Highway 290E,,Austin,TX,78737,4,30.225457,-97.947747,Street,4.8453E+14
14000 County Line Rd,,Austin,TX,78621,5,30.365182,-97.403985,Street,4.8453E+14
12809 New Sweden Church Rd,,Manor,TX,78653,6,30.403707,-97.482987,Street,4.8453E+14
1806 W Parmer Lane,,Austin,TX,78727,7,30.413523,-97.690666,Street,4.8453E+14
1500 North Railroad Ave,,Pflugerville,TX,78660,8,30.457139,-97.616799,Street,4.8453E+14
13801 Burnet Rd. #300,,Austin,TX,78727,9,30.438111,-97.698467,Street,4.8453E+14
"1501 Dessau Ridge Ln.
",,Austin,TX,78754,10,30.400107,-97.641101,Street,4.8453E+14
7201 Colony Loop Dr.,,Austin,TX,78724,12,30.302334,-97.637264,Street,4.8453E+14
6100 Berkman Drive,,Austin,TX,78723,13,30.314935,-97.692203,Street,4.8453E+14
7309 Lazy Creek Dr.,,Austin,TX,78724,14,30.31362,-97.657774,Street,4.8453E+14
5315 Ed Bluestein Blvd.,,Austin,TX,78723,15,30.291973,-97.663426,Street,4.8453E+14
2215 Kelly Ln.,,Pflugerville,TX,78660,16,30.468249,-97.586337,Street,4.8453E+14
1161 Angelina St.,,Austin,TX,78702,17,30.269919,-97.724347,Street,4.8453E+14
11316 Farmhaven Rd.,,Austin,TX,78754,18,30.352512,-97.616636,Street,4.8453E+14
2211 East MLK Jr. Blvd.,,Austin,TX,78702,19,30.280165,-97.7182,Street,4.8453E+14
1203 Springdale Rd,,Austin,TX,78721,20,30.278942,-97.686858,Street,4.8453E+14
3100 Rogge Ln.,,Austin,TX,78723,21,30.303154,-97.67812,Street,4.8453E+14
"5408 Westminster Dr.
",,Austin,TX,78723,22,30.306152,-97.689548,Street,4.8453E+14
5701 Cameron Rd.,,Austin,TX,78723,23,30.315133,-97.702051,Street,4.8453E+14
"203B East Pecan St.
",,Austin,TX,78701,24,30.352312,-97.698841,Street,4.8453E+14
3111 Speidel Dr,,Pflugerville,TX,78660,25,30.476753,-97.566476,Street,4.8453E+14
1201 East Rundberg Ln.,,Austin,TX,78753,26,30.353933,-97.681612,Street,4.8453E+14
1200 East Rundberg Ln.,,Austin,TX,78753,27,30.354157,-97.681213,Street,4.8453E+14
5501 Airport Blvd.,,Austin,TX,78751,28,30.316491,-97.713744,Street,4.8453E+14
1101 Picadilly Dr.,,Pflugerville,TX,78660,29,30.465005,-97.642012,Street,4.8453E+14
15822 Foothill Farms Loop,,Pflugerville,TX,78660,30,30.449182,-97.651409,Street,4.8453E+14
405 Denson Dr.,,Austin,TX,78752,31,30.32826,-97.719485,Street,4.8453E+14
1200 North Railroad Ave,,Pflugerville,TX,78660,32,30.453353,-97.617263,Street,4.8453E+14
2803 Loyola Ln.,,Austin,TX,78723,33,30.314899,-97.67407,Street,4.8453E+14
3808 Maplewood Ave.,,Austin,TX,78722,34,30.292359,-97.714579,Street,4.8453E+14
11300 Samsung Blvd.,,Austin,TX,78754,35,30.361524,-97.639463,Street,4.8453E+14
11316 Farmhaven Rd.,,Austin,TX,78754,36,30.352512,-97.616636,Street,4.8453E+14
7500 Blessing Ave.,,Austin,TX,78752,37,30.331962,-97.693195,Street,4.8453E+14
600 S. Heatherwilde Blvd.,,Pflugerville,TX,78660,38,30.44314,-97.643337,Street,4.8453E+14
400 Cooper Dr.,,Austin,TX,78753,39,30.360326,-97.696146,Street,4.8453E+14
701 West 51st St.,,Austin,TX,78751,40,30.318429,-97.730598,Street,4.8453E+14
4425 Red River St.,,Austin,TX,78751,41,30.304113,-97.719879,Street,4.8453E+14
3300 Killingsworth Ln.,,Pflugerville,TX,78660,42,30.411421,-97.604029,Street,4.8453E+14
12401 Scofield Farms Dr.,,Austin,TX,78758,43,30.407844,-97.688976,Street,4.8453E+14
5800 McNeil Dr.,,Austin,TX,78729,44,30.444992,-97.739588,Street,4.8453E+14
2400 Inner Campus Dr. (West Mall),,Austin,TX,78712,45,30.28721,-97.73512,Zip5,4.8453E+14
1511 Cripple Creek Dr.,,Austin,TX,78758,46,30.377504,-97.703849,Street,4.8453E+14
2610 West 10th St.,,Austin,TX,78703,47,30.285414,-97.774791,Street,4.8453E+14
401 West Braker Ln.,,Austin,TX,78753,48,30.380113,-97.683603,Street,4.8453E+14
6401 Cedar St.,,Austin,TX,78746,49,30.33952,-97.803937,Street,4.8453E+14
6007 Mount Bonnell Rd.,,Austin,TX,78731,50,30.348791,-97.779745,Street,4.8453E+14
3309 Kerbey Ln.,,Austin,TX,78703,51,30.304733,-97.751666,Street,4.8453E+14
3000 Shoreline Dr.,,Austin,TX,78728,52,30.454404,-97.683369,Street,4.8453E+14
14014 Thermal Dr.,,Austin,TX,78728,53,30.432331,-97.675553,Street,4.8453E+14
1201 Payton Gin Rd.,,Austin,TX,78758,54,30.361205,-97.707726,Street,4.8453E+14
11928 Stonehollow Dr.,,Austin,TX,78758,55,30.401733,-97.704685,Street,4.8453E+14
1718 Picadilly Dr.,,Round Rock,TX,78664,56,30.467113,-97.654606,Street,4.8453E+14
6401 Cedar St.,,Austin,TX,78746,57,30.33952,-97.803937,Street,4.8453E+14
5310 Duval Rd.,,Austin,TX,78727,58,30.418416,-97.743597,Street,4.8453E+14
2106 Klattenhoff Dr.,,Austin,TX,78728,59,30.441747,-97.678947,Street,4.8453E+14
6007 Mount Bonnell Rd.,,Austin,TX,78737,60,30.348791,-97.779745,Street,4.8453E+14
12601 Country Trails Ln.,,Austin,TX,78731,61,30.365985,-97.901905,Street,4.8453E+14
6500 Sitio Del Rio Blvd.,,Austin,TX,78730,62,30.39114,-97.842708,Street,4.8453E+14
5600 Sunshine Dr.,,Austin,TX,78756,63,30.326454,-97.729165,Street,4.8453E+14
2117 West 49th St.,,Austin,TX,78756,64,30.320338,-97.740293,Street,4.8453E+14
5206 Balcones Dr.,,Austin,TX,78731,65,30.334436,-97.759561,Street,4.8453E+14
3700 North Hills Dr.,,Austin,TX,78731,66,30.3531,-97.757892,Street,4.8453E+14
6310 Treadwell Boulevard,,Austin,TX,78757,67,30.343126,-97.748439,Street,4.8453E+14
4900 Fairview Dr.,,Austin,TX,78731,68,30.329886,-97.759712,Street,4.8453E+14
6301 Woodrow Ave,,Austin,TX,78757,69,30.334234,-97.730215,Street,4.8453E+14
7811 Rockwood Ln.,,Austin,TX,78757,70,30.358417,-97.738297,Street,4.8453E+14
5145 RM 620 North,,Austin,TX,78732,71,30.389871,-97.883756,Street,4.8453E+14
12024 Vista Parke Dr.,,Austin,TX,78726,72,30.416614,-97.855372,Street,4.8453E+14
8601 Tallwood Dr.,,Austin,TX,78759,73,30.377199,-97.749092,Street,4.8453E+14
7005 Northledge Dr.,,Austin,TX,78731,74,30.356285,-97.763124,Street,4.8453E+14
8401 Hathaway Dr.,,Austin,TX,78757,75,30.363637,-97.726486,Street,4.8453E+14
8134 Mesa Dr.,,Austin,TX,78759,76,30.373631,-97.75612,Street,4.8453E+14
1306 West Lynn St.,,Austin,TX,78703,77,30.281226,-97.758622,Street,4.8453E+14
2505 Steck Ave.,,Austin,TX,78757,78,30.361932,-97.72986,Street,4.8453E+14
2500 Exposition Blvd.,,Austin,TX,78703,79,30.297994,-97.767574,Street,4.8453E+14
1001 West Braker Ln.,,Austin,TX,78758,80,30.383666,-97.690814,Street,4.8453E+14
12207 Brigadoon Ln.,,Austin,TX,78727,81,30.418753,-97.719944,Street,4.8453E+14
2011 W. Rundberg Ln.,,Austin,TX,78758,82,30.373675,-97.719382,Street,4.8453E+14
8403 Mesa Dr.,,Austin,TX,78759,83,30.376104,-97.754148,Street,4.8453E+14
3500 West Parmer Lane,,Austin,TX,78727,84,30.423128,-97.70904,Street,4.8453E+14
1701 Kramer Ln.,,Austin,TX,78758,85,30.384897,-97.702781,Street,4.8453E+14
3901 Shoal Creek Blvd.,,Austin,TX,78756,86,30.308664,-97.74814,Street,4.8453E+14
3908 Ave. B,,Austin,TX,78751,87,30.303355,-97.735529,Street,4.8453E+14
2246 Guadalupe St.,,Austin,TX,78705,88,30.285922,-97.741918,Street,4.8453E+14
3205 Jones Rd.,,Austin,TX,78745,89,30.228393,-97.810392,Street,4.8453E+14
4020 Lost Oasis Hollow,,Austin,TX,78739,90,30.162699,-97.873351,Street,4.8453E+14
11408 FM 1826,,Austin,TX,78737,91,30.196492,-97.922385,Street,4.8453E+14
5913 LaCrosse Ave.,,Austin,TX,78739,92,30.192084,-97.881722,Street,4.8453E+14
10500 Jollyville Rd.,,Austin,TX,78759,93,30.399421,-97.749561,Street,4.8453E+14
105 Cross Creek,,Austin,TX,78734,94,30.363152,-97.979453,Street,4.8453E+14
403 Nixon Dr.,,Austin,TX,78746,95,30.275864,-97.788545,Street,4.8453E+14
22801 Briarcliff Dr.,,Spicewood,TX,78669,96,30.406785,-98.058021,Street,4.8453E+14
2817 Kentish Dr.,,Austin,TX,78748,97,30.18863,-97.831372,Street,4.8453E+14
1011 FM 1626,,Manchaca,TX,78652,98,30.13343,-97.8546,Zip5,4.8453E+14
1212 Rio Grande St.,,Austin,TX,78701,99,30.276019,-97.747422,Street,4.8453E+14
3800 Hudson Bend Rd.,,Austin,TX,78734,100,30.398046,-97.929022,Street,4.8453E+14
2874 Shoal Crest Ave.,,Austin,TX,78705,101,30.297304,-97.748018,Street,4.8453E+14
4111 Barton Creek Blvd.,,Austin,TX,78735,102,30.279239,-97.883794,Street,4.8453E+14
12006 Gatling Gun Ln.,,Austin,TX,78748,103,30.153801,-97.853979,Street,4.8453E+14
14624 Hamilton Pool Rd.,,Austin,TX,78738,104,30.307361,-97.975627,Street,4.8453E+14
1305 Quaker Ridge Dr.,,Austin,TX,78746,105,30.284086,-97.833401,Street,4.8453E+14
9300 Bee Cave Rd.,,Austin,TX,78733,106,30.317755,-97.868546,Street,4.8453E+14
105 Cross Creek,,Austin,TX,78734,107,30.363152,-97.979453,Street,4.8453E+14
2301 RR 620 South,,Austin,TX,78759,108,30.341962,-97.967648,Street,4.8453E+14
10500 Jollyville Rd.,,Austin,TX,78759,109,30.399421,-97.749561,Street,4.8453E+14
4000 Galleria Pkwy.,,Bee Cave,TX,78738,110,30.308923,-97.940181,Street,4.8453E+14
301 West 2nd St.,,Austin,TX,78701,111,30.264848,-97.746631,Street,4.8453E+14
10111 DK Ranch Rd.,,Austin,TX,78759,112,30.414439,-97.781735,Street,4.8453E+14
9409 Bluegrass Dr.,,Austin,TX,78759,113,30.399093,-97.767503,Street,4.8453E+14
11279 Taylor Draper Ln.,,Austin,TX,78759,114,30.411705,-97.75318,Street,4.8453E+14
9411 Bee Cave Rd.,,Austin,TX,78733,115,30.316143,-97.873108,Street,4.8453E+14
11104 Oak View Dr.,,Austin,TX,78759,116,30.420022,-97.767596,Street,4.8453E+14
1900 Bluebonnet Ln.,,Austin,TX,78704,117,30.252706,-97.773592,Street,4.8453E+14
10210 Ember Glen Drive,,Austin,TX,78726,118,30.436404,-97.824742,Street,4.8453E+14
10401 Anderson Mill Rd.,,Austin,TX,78750,119,30.447003,-97.805652,Street,4.8453E+14
"8455 Spicewood Springs Rd.
",,Austin,TX,78759,120,30.427633,-97.784239,Street,4.8453E+14
9023 Old Lampasas Tr.,,Austin,TX,78750,121,30.420323,-97.798837,Street,4.8453E+14
7317 Lakewood Dr.,,Austin,TX,78750,122,30.375046,-97.789103,Street,4.8453E+14
1502 San Juan Dr.,,Austin,TX,78733,123,30.338709,-97.866818,Street,4.8453E+14
6211 Parkwood Dr.,,Austin,TX,78735,124,30.236827,-97.855406,Street,4.8453E+14
2108 Barton Hills Dr.,,Austin,TX,78704,125,30.254157,-97.782912,Street,4.8453E+14
2200 Berkeley Ave.,,Austin,TX,78745,126,30.209677,-97.806169,Street,4.8453E+14
3301 Serene Hills Dr.,,Austin,TX,78738,127,30.34359,-97.997836,Street,4.8453E+14
1300 Walsh Tarlton Ln.,,Austin,TX,78746,128,30.271749,-97.802326,Street,4.8453E+14
7748 Highway 290 West,,Austin,TX,78749,129,30.229671,-97.881909,Street,4.8453E+14
2817 Kentish Dr.,,Austin,TX,78748,130,30.18863,-97.831372,Street,4.8453E+14
4801 Monterey Oaks Blvd.,,Austin,TX,78749,131,30.234406,-97.840459,Street,4.8453E+14
3700 Convict Hill Rd.,,Austin,TX,78749,132,30.211623,-97.834759,Street,4.8453E+14
607 RR 620 North,,Lakeway,TX,78734,133,30.369499,-97.948761,Street,4.8453E+14
4103 West Slaughter Ln.,,Austin,TX,78749,134,30.188679,-97.856814,Street,4.8453E+14
9211 Circle Dr.,,Austin,TX,78736,135,30.238955,-97.918769,Street,4.8453E+14
5125 Convict Hill Rd.,,Austin,TX,78749,136,30.218672,-97.854398,Street,4.8453E+14
5226 W. William Cannon Dr.,,Austin,TX,78749,137,30.224876,-97.853208,Street,4.8453E+14
3300 Bee Cave Rd.,,Austin,TX,78746,138,30.275131,-97.801168,Street,4.8453E+14
8656 Highway 71 West,,Austin,TX,78735,139,30.250037,-97.894176,Street,4.8453E+14
6201 Davis Ln.,,Austin,TX,78749,140,30.211575,-97.877325,Street,4.8453E+14
7525 LaCrosse Ave.,,Austin,TX,78739,141,30.196015,-97.906028,Street,4.8453E+14
3520 West Whitestone Blvd.,,Cedar Park,TX,78613,142,30.536717,-97.77748,Street,4.8491E+14
14340 Round Mountain Rd.,,Leander,TX,78641,143,30.572717,-97.949351,Street,4.8453E+14
8039 Bar-K Ranch Rd.,,Lago Vista,TX,78645,144,30.481088,-97.977588,Street,4.8453E+14
"18649 FM 1431, Suite 6A",,Jonestown,TX,78645,145,30.492406,-97.923566,Street,4.8453E+14
5803 Thunderbird St.,,Lago Vista,TX,78645,146,30.453819,-97.986968,Street,4.8453E+14
2420 Zeppelin Dr.,,Cedar Park,TX,78613,147,30.483463,-97.853221,Street,4.8453E+14
15406 FM 2769,,Volente,TX,78641,148,30.435609,-97.904141,Street,4.8453E+14
5301 Ross Rd.,,Del Valle,TX,78617,149,30.178109,-97.615233,Street,4.8453E+14
13512 FM 812,,Del Valle,TX,78617,150,30.124568,-97.639672,Street,4.8453E+14
5604 FM 1327,,Austin,TX,78747,151,30.088886,-97.72242,Street,4.8453E+14
8601 Vertex Blvd.,,Austin,TX,78747,152,30.156193,-97.752773,Street,4.8453E+14
4900 McKinney Falls Pkwy,,Austin,TX,78744,153,30.189835,-97.711683,Street,4.8453E+14
11819 IH-35 South,,Austin,TX,78747,154,30.129874,-97.79939,Street,4.8453E+14
3518 South FM 973,,Del Valle,TX,78617,155,30.198186,-97.642551,Street,4.8453E+14
"8900 Manchaca Rd.
",,Austin,TX,78748,156,30.183038,-97.818318,Street,4.8453E+14
3800 South 2nd St.,,Austin,TX,78704,157,30.228689,-97.771459,Street,4.8453E+14
305 North Bluff Dr.,,Austin,TX,78745,158,30.197331,-97.77477,Street,4.8453E+14
10701 South 1st St.,,Austin,TX,78748,159,30.15083,-97.801907,Street,4.8453E+14
2025 West Ben White Blvd.,,Austin,TX,78704,160,30.230087,-97.789789,Street,4.8453E+14
2206 Blue Meadow Dr.,,Austin,TX,78744,161,30.181589,-97.763857,Street,4.8453E+14
9910 Bilbrook Place,,Austin,TX,78748,162,30.168671,-97.817186,Street,4.8453E+14
9400 Texas Oaks Dr.,,Austin,TX,78748,163,30.174723,-97.814599,Street,4.8453E+14
10701 South 1st St.,,Austin,TX,78748,164,30.15083,-97.801907,Street,4.8453E+14
1010 Turtle Creek Blvd.,,Austin,TX,78745,165,30.205356,-97.789563,Street,4.8453E+14
2105 Parker Ln.,,Austin,TX,78741,166,30.233749,-97.735833,Street,4.8453E+14
1511 South Congress Ave.,,Austin,TX,78704,167,30.248769,-97.749798,Street,4.8453E+14
201 East Mary St.,,Austin,TX,78704,168,30.244728,-97.750183,Street,4.8453E+14
1200 Montopolis Dr.,,Austin,TX,78741,169,30.232363,-97.698894,Street,4.8453E+14
1100 Cumberland Rd.,,Austin,TX,78704,170,30.241026,-97.768519,Street,4.8453E+14
600 West St. Elmo Rd.,,Austin,TX,78745,171,30.221174,-97.772842,Street,4.8453E+14
3601 Govalle Ave.,,Austin,TX,78702,172,30.264711,-97.698894,Street,4.8453E+14
73 San Marcos St.,,Austin,TX,78702,173,30.258126,-97.735574,Street,4.8453E+14
1600 Grove Blvd.,,Austin,TX,78741,174,30.229991,-97.706487,Street,4.8453E+14
4001 South Lamar Blvd.,,Austin,TX,78704,175,30.235311,-97.793501,Street,4.8453E+14
2101 Faro Dr.,,Austin,TX,78741,176,30.227136,-97.71393,Street,4.8453E+14
1211 East Oltorf St.,,Austin,TX,78704,177,30.234747,-97.744149,Street,4.8453E+14
8900 Manchaca Rd.,,Austin,TX,78748,178,30.183038,-97.818318,Street,4.8453E+14
1800 South 5th St.,,Austin,TX,78704,179,30.249314,-97.761624,Street,4.8453E+14
2100 East 3rd St.,,Austin,TX,78702,180,30.258001,-97.720842,Street,4.8453E+14
2000 Woodward St.,,Austin,TX,78741,181,30.217423,-97.743745,Street,4.8453E+14
409 West Ben White Blvd.,,Austin,TX,78704,182,30.225007,-97.768127,Street,4.8453E+14
5803 Nuckols Crossing Rd.,,Austin,TX,78744,183,30.187318,-97.742413,Street,4.8453E+14
1010 Turtle Creek Blvd.,,Austin,TX,78745,184,30.205356,-97.789563,Street,4.8453E+14
2206 Blue Meadow Dr.,,Austin,TX,78744,185,30.181589,-97.763857,Street,4.8453E+14
6800 Bill Hughes Rd.,,Austin,TX,78745,186,30.194855,-97.785723,Street,4.8453E+14
5409 Ponciana Dr.,,Austin,TX,78744,187,30.19848,-97.755127,Street,4.8453E+14
2025 West Ben White Blvd.,,Austin,TX,78704,188,30.230087,-97.789789,Street,4.8453E+14
1820 West Stassney Ln.,,Austin,TX,78745,189,30.214814,-97.795952,Street,4.8453E+14
4001 South Lamar Blvd.,,Austin,TX,78704,190,30.235311,-97.793501,Street,4.8453E+14
500 Mairo St.,,Austin,TX,78748,191,30.180567,-97.790975,Street,4.8453E+14
11500 El Salido Parkway Austin,,Austin,TX,,192,30.4562,-97.82024,Zip9,4.8491E+14
10010 Anderson Mill Rd Austin,,Austin,TX,,193,30.44716,-97.8007,Zip9,4.8491E+14
AUS 10701 Lakeline Mall Dr Austin,,Austin,TX,,196,30.47466,-97.79591,Zip9,4.8491E+14
9700 Neenah Ave Austin,,Austin,TX,,197,30.48842,-97.76903,Zip9,4.8491E+14
13427 Pond Springs Rd Austin,,Austin,TX,,198,30.45145,-97.78666,Zip9,4.8491E+14
7617 Elkhorn Mountain Trail Austin,,Austin,TX,,199,30.44903,-97.75742,Zip9,4.8491E+14
140 W Clark St Bartlett,,Bartlett,TX,,200,30.79584,-97.42961,Zip9,4.8491E+14
620 S Commerce St Coupland,,Coupland,TX,,208,30.45195,-97.39044,Zip9,4.8491E+14
6600 FM 970 Andice Florence,,Florence,TX,,209,30.8433,-97.79482,Zip5,4.8491E+14
106 S Patterson Ave Florence,,Florence,TX,,210,30.8433,-97.79482,Zip5,4.8491E+14
3151 SE Inner Loop Georgetown,,Georgetown,TX,,211,30.6282,-97.64349,Zip9,4.8491E+14
4011 Williams Dr Georgetown,,Georgetown,TX,,213,30.67606,-97.70592,Zip9,4.8491E+14
1333 W University Ave Georgetown,,Georgetown,TX,,214,30.63282,-97.70734,Zip9,4.8491E+14
500 Terminal Dr Georgetown,,Georgetown,TX,,215,30.67938,-97.67603,Zip9,4.8491E+14
603 Lakeway Dr Georgetown,,Georgetown,TX,,216,30.66822,-97.68821,Zip9,4.8491E+14
111 West 10th St ­ Ministry Center Georgetown,,Georgetown,TX,,217,30.635046,-97.6771,Street,4.8491E+14
1101 N College St Georgetown,,Georgetown,TX,,218,30.65195,-97.66345,Zip9,4.8491E+14
5404 Williams Dr Georgetown,,Georgetown,TX,,219,30.7029,-97.7444,Zip9,4.8491E+14
2 Texas Dr Georgetown,,Georgetown,TX,,220,30.71698,-97.71569,Zip9,4.8491E+14
301 S E Inner Loop Georgetown,,Georgetown,TX,,222,30.60673,-97.6788,Zip9,4.8491E+14
401 W Front St Hutto,,Hutto,TX,,224,30.54178,-97.55046,Zip9,4.8491E+14
200 College St Hutto,,Hutto,TX,,225,30.54543,-97.54328,Zip9,4.8491E+14
1651 CR 305 Jarrell,,Jarrell,TX,,226,30.83745,-97.620769,Street,4.8491E+14
300 Crystal Falls Parkway Leander,,Leander,TX,,227,30.55678,-97.84769,Zip9,4.8491E+14
3301 S Bagdad Rd Leander,,Leander,TX,,228,30.53651,-97.84772,Zip9,4.8491E+14
1011 S Bagdad Rd Leander,,Leander,TX,,229,30.56048,-97.86175,Zip9,4.8491E+14
201 N Brushy St Leander,,Leander,TX,,230,30.55005,-97.87394,Zip5,4.8491E+14
1501 CR 271 Leander,,Leander,TX,,231,30.58344,-97.83496,Zip9,4.8491E+14
16500 W SH 29 Liberty Hill,,Liberty Hill,TX,,232,30.680999,-97.955531,Street,4.8491E+14
"301 W Bagdad Ave, Bldg 2 ROUND ROCK",,Round Rock,TX,,233,30.506898,-97.680528,Street,4.8491E+14
1009 N Georgetown Ave Round Rock,,Round Rock,TX,,234,30.517496,-97.670713,Street,4.8491E+14
16318 Great Oaks Dr Round Rock,,Round Rock,TX,,235,30.49515,-97.73544,Zip9,4.8491E+14
2801 Gattis School Rd Round Rock,,Round Rock,TX,,236,30.49638,-97.63843,Zip9,4.8491E+14
3400 E PALM VALLEY BLVD Round Rock,,Round Rock,TX,,237,30.526557,-97.629085,Street,4.8491E+14
7320 Wyoming Springs Dr ROUND ROCK,,Round Rock,TX,,238,30.51875,-97.71951,Zip9,4.8491E+14
3505 Forest Creek Dr ROUND ROCK,,Round Rock,TX,,239,30.508816,-97.610394,Street,4.8491E+14
1801 E Old Settlers Blvd Round Rock,,Round Rock,TX,,240,30.540706,-97.659136,Street,4.8491E+14
300 N Lake Creek Dr Round Rock,,Round Rock,TX,,241,30.509179,-97.694886,Street,4.8491E+14
4010 Sam Bass Rd Round Rock,,Round Rock,TX,,242,30.53558,-97.7422,Zip9,4.8491E+14
2051 Gattis School Road Round Rock,,Round Rock,TX,,243,30.49611,-97.65505,Zip9,4.8491E+14
2400 Chisholm Trail Round Rock,,Round Rock,TX,,244,30.53957,-97.69498,Zip9,4.8491E+14
4211 Teravista Club Dr Round Rock,,Round Rock,TX,,247,30.57157,-97.67164,Zip9,4.8491E+14
3379 Gattis School Rd Round Rock,,Round Rock,TX,,248,30.4965,-97.62969,Zip9,4.8491E+14
"211 Commerce Blvd., Bldg B Round Rock",,Round Rock,TX,,249,30.531982,-97.685714,Street,4.8491E+14
400 PORTER ST Taylor,,Taylor,TX,,251,30.57134,-97.40861,Zip9,4.8491E+14
801 Vance St Taylor,,Taylor,TX,,252,30.57488,-97.41241,Zip9,4.8491E+14
409 S Main St Thrall,,Thrall,TX,,253,30.51699,-97.24663,Zip5,4.8491E+14
565 S. Major Dr.,,Beaumont,TX,77707,255,30.07025,-94.189552,Street,4.8245E+14
455 Keith Rd.,,Beaumont,TX,77713,256,30.126985,-94.212811,Street,4.8245E+14
7390 Sweetgum Rd.,,Bevil Oaks,TX,77713,257,30.147111,-94.26917,Street,4.8245E+14
3395 Harrison Ave.,,Beaumont,TX,77706,258,30.089333,-94.136598,Street,4.8245E+14
3650 Dowlen Rd.,,Beaumont,TX,77706,259,30.112105,-94.16836,Street,4.8245E+14
3475 Champions Dr.,,Beaumont,TX,77707,260,30.040584,-94.179261,Street,4.8245E+14
2330 North St.,,Beaumont,TX,77702,261,30.087911,-94.121056,Street,4.8245E+14
20205 W. Hwy 90,,Beaumont,TX,77713,262,30.033266,-94.437203,Street,4.8245E+14
6540 Gladys Ave.,,Beaumont,TX,77706,263,30.091498,-94.174068,Street,4.8245E+14
8055 Voth Rd.,,Beaumont,TX,77708,264,30.146721,-94.180978,Street,4.8245E+14
2025 Merriman St.,,Port Neches,TX,77651,265,29.981302,-93.955186,Street,4.8245E+14
3707 Central Blvd.,,Nederland,TX,77627,266,29.994132,-94.021228,Street,4.8245E+14
3901 Cleveland Ave.,,Groves,TX,77619,267,29.949931,-93.913983,Street,4.8245E+14
207 N. 12th Street,,Nederland,TX,77627,268,29.975234,-93.990551,Street,4.8245E+14
5000 Jerry Ware Dr.,,Beaumont,TX,77705,269,29.95278,-94.07689,Zip9,4.8245E+14
19217 FM 365,,Beaumont,TX,77704,270,29.925623,-94.2503,Street,4.8245E+14
2712 Nederland Ave.,,Nederland,TX,77627,271,29.963592,-93.999776,Street,4.8245E+14
20005 Merriman,,Port Neches,TX,77651,272,29.97792,-93.96472,Zip5,4.8245E+14
5840 W. Jefferson Blvd.,,Groves,TX,77619,273,29.945398,-93.924907,Street,4.8245E+14
740 DeQueen Blvd.,,Port Arthur,TX,77640,274,29.889914,-93.923211,Street,4.8245E+14
615 Ellias St.,,Port Arthur,TX,77640,275,29.897406,-93.989164,Street,4.8245E+14
525 Lakeshore Dr.,,Port Arthur,TX,77640,276,29.870589,-93.93202,Street,4.8245E+14
2441 61st St.,,Port Arthur,TX,77642,277,29.899516,-94.018203,Street,4.8245E+14
4440 Gulfway Dr.,,Port Arthur,TX,77642,278,29.915585,-93.912863,Street,4.8245E+14
4615 9th Ave,,Port Arthur,TX,77642,279,29.926958,-93.947792,Street,4.8245E+14
1308 9th Ave,,Port Arthur,TX,77642,280,29.905571,-93.916888,Street,4.8245E+14
5262 Gulfway Dr.,,Sabine Pass,TX,77655,281,29.73267,-93.89657,Zip5,4.8245E+14
1115 Lakeview Ave.,,Port Arthur,TX,77642,282,29.918006,-93.902747,Street,4.8245E+14
3248 39th St,,Port Arthur,TX,77642,283,29.918801,-93.944487,Street,4.8245E+14
4075 Highland Ave.,,Beaumont,TX,77705,284,30.047608,-94.085289,Street,4.8245E+14
825 Jackson St.,,Beaumont,TX,77701,285,30.070399,-94.086374,Street,4.8245E+14
3525 Cleveland St.,,Beaumont,TX,77703,286,30.113758,-94.122136,Street,4.8245E+14
12393 2nd St.,,Hamshire,TX,77622,287,29.862004,-94.310408,Street,4.8245E+14
1001 Pearl St.,,Beaumont,TX,77701,288,30.07962,-94.094371,Street,4.8245E+14
1400 Avenue A,,Beaumont,TX,77701,289,30.069192,-94.101031,Street,4.8245E+14
3580 E. Lucas Dr.,,Beaumont,TX,77703,290,30.124817,-94.136934,Street,4.8245E+14
7780 Boyt Rd.,,Beaumont,TX,77713,291,29.990647,-94.242792,Street,4.8245E+14
2930 Gulf St.,,Beaumont,TX,77703,292,30.106509,-94.112275,Street,4.8245E+14
4255 Fannett Rd.,,Beaumont,TX,77705,293,30.046034,-94.127813,Street,4.8245E+14
1100 Springwood,,Wylie,TX,75098,294,33.008763,-96.521701,Street,4.8085E+14
720 Pleasant Valley,,Richardson,TX,75080,295,32.994142,-96.730816,Street,4.8085E+14
301 Century Pkwy,,Allen,TX,75013,296,33.101774,-96.674336,Street,4.8085E+14
3805 Timberline,,Plano,TX,75074,297,33.021088,-96.659433,Street,4.8085E+14
318 West School Street,,Blue Ridge,TX,75424,298,33.304571,-96.403805,Street,4.8085E+14
2501 Jupiter Road,,Plano,TX,75074,299,33.03123,-96.682174,Street,4.8085E+14
3800 Clark Parkway,,Plano,TX,75093,300,33.04864,-96.822725,Street,4.8085E+14
3905 Rainier Road,,Plano,TX,75023,301,33.050782,-96.721592,Street,4.8085E+14
6701 Coit Road,,Plano,TX,75024,302,33.06664,-96.770659,Street,4.8085E+14
205 S. Colorado,,Celina,TX,75009,303,33.322679,-96.788063,Street,4.8085E+14
821 S. Greenville ave.,,Allen,TX,75002,304,33.085792,-96.672098,Street,4.8085E+14
3101 Coit Road,,Plano,TX,75075,305,33.038698,-96.770221,Street,4.8085E+14
523 W. Spring Creek Pkwy,,Plano,TX,75023,306,33.05781,-96.702454,Street,4.8085E+14
4600 Colby Dr.,,Frisco,TX,75035,307,33.116258,-96.797059,Street,4.8085E+14
2200 W. University Dr,,McKinney,TX,75071,308,33.217047,-96.640226,Street,4.8085E+14
3452 Spur 399,,McKinney,TX,75069,309,33.14331,-96.62092,Zip9,4.8085E+14
9700 Wade Blvd,,Frisco,TX,75035,310,33.126639,-96.791717,Street,4.8085E+14
2800 E. Spring Creek Pkwy,,Plano,TX,75074,311,33.050149,-96.673048,Street,4.8085E+14
"2010 Redbud Blvd, Suite 102",,McKinney,TX,75069,312,33.220716,-96.627971,Street,4.8085E+14
615 FM 1138,,Nevada,TX,75173,313,33.062671,-96.365274,Street,4.8085E+14
1530 Rivercrest Blvd,,Allen,TX,75002,314,33.107943,-96.630867,Street,4.8085E+14
7501-B Independence Pkwy,,Plano,TX,75025,315,33.078495,-96.750357,Street,4.8085E+14
301 S. East Ridge Road,,McKinney,TX,75070,316,33.195004,-96.695846,Street,4.8085E+14
6993 Stars Ave.,,McKinney,TX,75070,317,33.15147,-96.69765,Zip9,4.8085E+14
2604 Country Club Drive,,McKinney,TX,75070,318,33.173284,-96.650334,Street,4.8085E+14
7011 FM 546,,Princeton,TX,75407,319,33.103051,-96.516068,Street,4.8085E+14
201 Farmersville Parkway,,Farmersville,TX,75442,320,33.161443,-96.362692,Street,4.8085E+14
630 Park Place Drive,,Allen,TX,75002,321,33.09398,-96.657921,Street,4.8085E+14
3801 McDermott Road,,Plano,TX,75025,322,33.101267,-96.76946,Street,4.8085E+14
6670 Moore Street,,Frisco,TX,75034,323,33.14699,-96.8331,Zip9,4.8085E+14
6861 W. Eldorado Parkway,,McKinney,TX,75070,324,33.173971,-96.705745,Street,4.8085E+14
17820 Campbell Road,,Dallas,TX,75252,325,32.994147,-96.806214,Street,4.8085E+14
1501 18th Street,,Plano,TX,75074,326,33.023957,-96.693571,Street,4.8085E+14
14040 Eldorado Pkwy,,Frisco,TX,75035,327,33.174123,-96.754775,Street,4.8085E+14
6401 Independence Pkwy,,Plano,TX,75023,328,33.059726,-96.750683,Street,4.8085E+14
120 School Road,,Lavon,TX,75173,329,33.02621,-96.433353,Street,4.8085E+14
15250 Rolater Road,,Frisco,TX,75035,330,33.137735,-96.733454,Street,4.8085E+14
259 Country Club Rd,,Allen,TX,75002,331,33.091315,-96.591057,Street,4.8085E+14
1405 S Bridgefarmer Road,,Lowry Crossing,TX,75069,332,33.168471,-96.54692,Street,4.8085E+14
665 Country Club Rd,,Lucas,TX,75002,333,33.085143,-96.584891,Street,4.8085E+14
861 S. Independence Pkwy,,McKinney,TX,75070,334,33.1778,-96.71642,Zip9,4.8085E+14
1400 S College,,McKinney,TX,75069,335,33.180187,-96.622247,Street,4.8085E+14
3411 Barker Ave,,Melissa,TX,75454,336,33.292845,-96.572637,Street,4.8085E+14
4223 Briagrove,,Dallas,TX,75287,337,32.992847,-96.836269,Street,4.8085E+14
205 N Murphy Road,,Murphy,TX,75094,338,33.015568,-96.612966,Street,4.8085E+14
1201 E. Louisiana St,,McKinney,TX,75069,339,33.196638,-96.603302,Street,4.8085E+14
5700 E. Parker Road,,Parker,TX,75002,340,33.055093,-96.621343,Street,4.8085E+14
6200 Windhaven Pkwy,,Plano,TX,75093,341,33.056392,-96.83532,Street,4.8085E+14
2700 W. 15th Street,,Plano,TX,75075,342,33.019063,-96.74647,Street,4.8085E+14
1000 E. Princeton Drive,,Princeton,TX,75407,343,33.172464,-96.482923,Street,4.8085E+14
605 E. 7th Street,,Prosper,TX,75078,344,33.239268,-96.795912,Street,4.8085E+14
6400 Frankford Rd,,Dallas,TX,75252,345,32.997901,-96.794563,Street,4.8085E+14
1420 FM 1777,,Royse City,TX,75189,346,33.048602,-96.308576,Street,4.8085E+14
5505 Plano Pkwy,,Plano,TX,75093,347,33.016237,-96.811041,Street,4.8085E+14
1310 Avenue I,,Plano,TX,75074,348,33.02785,-96.6792,Zip5,4.8085E+14
300 Country Club Rd,,Wylie,TX,75098,349,33.011241,-96.572306,Street,4.8085E+14
6927 Stadium Drive,,Frisco,TX,75033,350,33.157281,-96.823713,Street,4.8085E+14
1800 S Stonebridge Drive,,McKinney,TX,75070,351,33.185524,-96.713062,Street,4.8085E+14
1517 W. McDermott,,Allen,TX,75013,352,33.100573,-96.70813,Street,4.8085E+14
402 W. White St,,Anna,TX,75409,353,33.344429,-96.552356,Street,4.8085E+14
117 Main Street,,Weston,TX,75097,354,33.34729,-96.66905,Zip5,4.8085E+14
7520 Woodcreek Way,,Sachse,TX,75048,355,32.99151,-96.58651,Zip9,4.8085E+14
3400 E Renner Road,,Richardson,TX,75082,356,32.996828,-96.657424,Street,4.8085E+14
4400 Austin Pkwy,,Sugarland,TX,77479,357,29.575504,-95.584723,Street,4.81577E+14
319 S. 3rd St,,Beasley,TX,77417,358,29.495797,-95.91525,Street,4.81577E+14
5200 S Fry Rd,,KATY,TX,77450,359,29.720438,-95.751844,Street,4.81577E+14
8200 South Fry Rd.,,KATY,TX,77494,360,29.719796,-95.787872,Street,4.81577E+14
22930 FM 1462,,NEEDVILLE,TX,77461,361,29.351771,-95.635836,Street,4.81577E+14
16000 Blue Ridge Rd,,MISSOURI CITY,TX,77489,362,29.592155,-95.49249,Street,4.81577E+14
2410 Brightwater,,MISSOURI CITY,TX,77459,363,29.583512,-95.571115,Street,4.81577E+14
4300 FM 723,,RICHMOND,TX,77406,364,29.62177,-95.811502,Street,4.81577E+14
4111 Airport Ave,,ROSENBERG,TX,77471,365,29.542883,-95.784637,Street,4.81577E+14
7622 Chasewood Dr,,MISSOURI CITY,TX,77489,366,29.60887,-95.502642,Street,4.81577E+14
1102 FM 2977,,Richmond,TX,77469,367,29.536666,-95.74611,Street,4.81577E+14
4200 Elkins Dr,,Sugarland,TX,77479,368,29.574849,-95.631848,Street,4.81577E+14
4330 Knightsbridge Blvd,,Sugarland,TX,77479,369,29.560806,-95.602823,Street,4.81577E+14
19001 Beechnut,,Richmond,TX,77469,370,29.682664,-95.727099,Street,4.81577E+14
19002 Mission Park Dr,,Richmond,TX,77407,371,29.69113,-95.73045,Zip9,4.81577E+14
7110 Greatwood Pkwy,,Sugarland,TX,77479,372,29.551152,-95.686349,Street,4.81577E+14
7007 Knights Court,,Missouri City,TX,77459,373,29.548429,-95.551036,Street,4.81577E+14
4310 Highway 36 S,,ROSENBERG,TX,77471,374,29.51794,-95.808018,Street,4.81577E+14
2620 Commercial Center Dr,,KATY,TX,77494,375,29.742823,-95.777749,Street,4.81577E+14
8411 Sienna Springs Blvd,,Missouri City,TX,77459,376,29.531755,-95.538442,Street,4.81577E+14
5500 Eldridge,,Sugarland,TX,77478,377,29.62214,-95.60758,Zip5,4.81577E+14
14010 University Blvd,,Sugarland,TX,77479,378,29.55323,-95.575291,Street,4.81577E+14
1570 Rabb Road,,Fresno,TX,77545,379,29.526284,-95.476193,Street,4.81577E+14
4520 Reading Rd,,ROSENBERG,TX,77471,380,29.565178,-95.778947,Street,4.81577E+14
1110 Bamore Rd,,ROSENBERG,TX,77471,381,29.555997,-95.819888,Street,4.81577E+14
3110 Fifth Street,,Stafford,TX,77477,382,29.599122,-95.554895,Street,4.81577E+14
3232 Austin Parkway,,Sugarland,TX,77479,383,29.573525,-95.603708,Street,4.81577E+14
15700 Old Richmond Rd,,Sugarland,TX,77479,384,29.665798,-95.657972,Street,4.81577E+14
7227 W. Grand Pkwy S,,Richmond,TX,77407,385,29.70423,-95.73128,Zip7,4.81577E+14
18550 Old Richmond Rd,,Sugarland,TX,77478,386,29.633477,-95.681485,Street,4.81577E+14
6707 FM 1464,,Richmond,TX,77469,387,29.704438,-95.688318,Street,4.81577E+14
1001 Golfview Dr,,Richmond,TX,77469,388,29.564899,-95.757709,Street,4.81577E+14
7101 FM 2759 Rd RICHMOND 77469,,Richmond,TX,77469,389,29.536706,-95.69508,Street,4.81577E+14
3333 Hurricane Lane,,Missouri City,TX,77459,390,29.53291,-95.498941,Street,4.81577E+14
8295 Independence Blvd,,Missouri City,TX,77459,391,29.601588,-95.512535,Street,4.81577E+14
234 Matlage Way,,Sugarland,TX,77478,392,29.617107,-95.636897,Street,4.81577E+14
6920 Katy-Fulshear Road,,Fulshear,TX,77441,393,29.704729,-95.888645,Street,4.81577E+14
700 Plantation Dr,,Richmond,TX,77406,394,29.625096,-95.717169,Street,4.81577E+14
717 FM 359,,Richmond,TX,77406,395,29.604897,-95.742904,Street,4.81577E+14
14777 Voss Rd,,Sugarland,TX,77498,396,29.644293,-95.63998,Street,4.81577E+14
619 FM 2919,,Kendleton,TX,77451,397,29.44932,-95.99714,Zip5,4.81577E+14
13631 Hwy 36,,NEEDVILLE,TX,77461,398,29.395278,-95.83258,Street,4.81577E+14
702 Burney Rd,,Sugarland,TX,77478,399,29.628463,-95.633499,Street,4.81577E+14
180 Island Blvd,,Missouri City,TX,77479,400,29.556749,-95.532534,Street,4.81577E+14
3323 Mission Valley Dr,,Missouri City,TX,77459,401,29.57031,-95.530395,Street,4.81577E+14
2335 Dulles Ave,,Missouri City,TX,77459,402,29.588879,-95.581349,Street,4.81577E+14
3703 Lost Creek Blvd,,Sugarland,TX,77478,403,29.595612,-95.589311,Extrapolate,4.81577E+14
21000 Westheimer Parkway,,KATY,TX,77450,404,29.739355,-95.739686,Street,4.81577E+14
One Troyan Dr,,Meadows Place,TX,77477,405,29.648215,-95.578564,Street,4.81577E+14
6301 S Stadium Ln,,KATY,TX,77492,406,29.781043,-95.83042,Street,4.81577E+14
16200 Beechnut St,,Houston,TX,77483,407,29.689037,-95.672,Street,4.81577E+14
16816 Quail Park Dr,,Missouri City,TX,77459,408,29.58155,-95.518538,Street,4.81577E+14
1522 Texas Parkway,,Missouri City,TX,77489,409,29.605818,-95.527118,Street,4.81577E+14
2701 Cypress Point Dr,,Missouri City,TX,77459,410,29.579973,-95.543252,Street,4.81577E+14
