id,source_id,county_name,county_fips,LocationName,address_line1,location_detail ,city,state,state_fips,zip5,Zip4,Latitude,Longitude,Schedule,exceptions,Notes,Source,date_acquired,county_wide,van_precinct_ids
1,1,Travis,453,Dailey Middle School,14000 Westall St,,Austin,TX,48,78725,,30.241837,-97.58842,Street,4.85E+14,,,2/27/2016,Yes,
2,2,Travis,453,Copperfield Elementary School,12135 Thompkins Dr,,Austin,TX,48,78753,,30.388033,-97.660664,Street,4.85E+14,,,2/27/2016,Yes,
3,3,Travis,453,Graham Elementary School,11211 Tom Adams Dr,,Austin,TX,48,78753,,30.373416,-97.669016,Street,4.85E+14,,,2/27/2016,Yes,
4,4,Travis,453,Manor ISD Administrative Building,10335 US Highway 290E,,Austin,TX,48,78737,,30.225457,-97.947747,Street,4.85E+14,,,2/27/2016,Yes,
5,5,Travis,453,Elgin High School,14000 County Line Rd,,Austin,TX,48,78621,,30.365182,-97.403985,Street,4.85E+14,,,2/27/2016,Yes,
6,6,Travis,453,New Sweden Lutheran Church,12809 New Sweden Church Rd,,Manor,TX,48,78653,,30.403707,-97.482987,Street,4.85E+14,,,2/27/2016,Yes,
7,7,Travis,453,Parmer Lane Elementary School,1806 W Parmer Lane,,Austin,TX,48,78727,,30.413523,-97.690666,Street,4.85E+14,,,2/27/2016,Yes,
8,8,Travis,453,Park Crest Middle School,1500 North Railroad Ave,,Pflugerville,TX,48,78660,,30.457139,-97.616799,Street,4.85E+14,,,2/27/2016,Yes,
9,9,Travis,453,National American University,13801 Burnet Rd. #300,,Austin,TX,48,78727,,30.438111,-97.698467,Street,4.85E+14,,,2/27/2016,Yes,
10,10,Travis,453,Dessau Elementary School,1501 Dessau Ridge Ln.,,Austin,TX,48,78754,,30.400107,-97.641101,Street,4.85E+14,,,2/27/2016,Yes,
11,11,Travis,453,Turner-Roberts Rec. Center,7201 Colony Loop Dr.,,Austin,TX,48,78724,,30.302334,-97.637264,Street,4.85E+14,,,2/27/2016,Yes,
12,12,Travis,453,Memorial United Methodist Church,6100 Berkman Drive,,Austin,TX,48,78723,,30.314935,-97.692203,Street,4.85E+14,,,2/27/2016,Yes,
13,13,Travis,453,LBJ High School,7309 Lazy Creek Dr.,,Austin,TX,48,78724,,30.31362,-97.657774,Street,4.85E+14,,,2/27/2016,Yes,
14,14,Travis,453,YMCA East Community Branch,5315 Ed Bluestein Blvd.,,Austin,TX,48,78723,,30.291973,-97.663426,Street,4.85E+14,,,2/27/2016,Yes,
15,15,Travis,453,Murchison Elementary School,2215 Kelly Ln.,,Pflugerville,TX,48,78660,,30.468249,-97.586337,Street,4.85E+14,,,2/27/2016,Yes,
16,16,Travis,453,Carver Branch Library,1161 Angelina St.,,Austin,TX,48,78702,,30.269919,-97.724347,Street,4.85E+14,,,2/27/2016,Yes,
17,17,Travis,453,Bluebonnet Tr. Elementary School,11316 Farmhaven Rd.,,Austin,TX,48,78754,,30.352512,-97.616636,Street,4.85E+14,,,2/27/2016,Yes,
18,18,Travis,453,David Chapel Portable,2211 East MLK Jr. Blvd.,,Austin,TX,48,78702,,30.280165,-97.7182,Street,4.85E+14,,,2/27/2016,Yes,
19,19,Travis,453,Sims Elementary School,1203 Springdale Rd,,Austin,TX,48,78721,,30.278942,-97.686858,Street,4.85E+14,,,2/27/2016,Yes,
20,20,Travis,453,Pecan Springs Elementary School,3100 Rogge Ln.,,Austin,TX,48,78723,,30.303154,-97.67812,Street,4.85E+14,,,2/27/2016,Yes,
21,21,Travis,453,Blanton Elementary School,5408 Westminster Dr.,,Austin,TX,48,78723,,30.306152,-97.689548,Street,4.85E+14,,,2/27/2016,Yes,
22,22,Travis,453,Messiah Lutheran Church,5701 Cameron Rd.,,Austin,TX,48,78723,,30.315133,-97.702051,Street,4.85E+14,,,2/27/2016,Yes,
23,23,Travis,453,Pfluger Hall,203B East Pecan St.,,Austin,TX,48,78701,,30.352312,-97.698841,Street,4.85E+14,,,2/27/2016,Yes,
24,24,Travis,453,Blackhawk Amenity Center,3111 Speidel Dr,,Pflugerville,TX,48,78660,,30.476753,-97.566476,Street,4.85E+14,,,2/27/2016,Yes,
25,25,Travis,453,Gus Garcia Rec Center,1201 East Rundberg Ln.,,Austin,TX,48,78753,,30.353933,-97.681612,Street,4.85E+14,,,2/27/2016,Yes,
26,26,Travis,453,Dobie Middle School,1200 East Rundberg Ln.,,Austin,TX,48,78753,,30.354157,-97.681213,Street,4.85E+14,,,2/27/2016,Yes,
27,27,Travis,453,Travis County Airport Office,5501 Airport Blvd.,,Austin,TX,48,78751,,30.316491,-97.713744,Street,4.85E+14,,,2/27/2016,Yes,
28,28,Travis,453,Windermere Elem. School,1101 Picadilly Dr.,,Pflugerville,TX,48,78660,,30.465005,-97.642012,Street,4.85E+14,,,2/27/2016,Yes,
29,29,Travis,453,County Tax Office (Community Room),15822 Foothill Farms Loop,,Pflugerville,TX,48,78660,,30.449182,-97.651409,Street,4.85E+14,,,2/27/2016,Yes,
30,30,Travis,453,Reilly Elementary School,405 Denson Dr.,,Austin,TX,48,78752,,30.32826,-97.719485,Street,4.85E+14,,,2/27/2016,Yes,
31,31,Travis,453,Brookhollow Elem. School,1200 North Railroad Ave,,Pflugerville,TX,48,78660,,30.453353,-97.617263,Street,4.85E+14,,,2/27/2016,Yes,
32,32,Travis,453,Dottie Jordan Recreation Center,2803 Loyola Ln.,,Austin,TX,48,78723,,30.314899,-97.67407,Street,4.85E+14,,,2/27/2016,Yes,
33,33,Travis,453,Maplewood Elementary School,3808 Maplewood Ave.,,Austin,TX,48,78722,,30.292359,-97.714579,Street,4.85E+14,,,2/27/2016,Yes,
34,34,Travis,453,Pioneer Crossing Elementary School,11300 Samsung Blvd.,,Austin,TX,48,78754,,30.361524,-97.639463,Street,4.85E+14,,,2/27/2016,Yes,
35,35,Travis,453,Bluebonnet Tr. Elementary School,11316 Farmhaven Rd.,,Austin,TX,48,78754,,30.352512,-97.616636,Street,4.85E+14,,,2/27/2016,Yes,
36,36,Travis,453,Virginia Brown Recreation Center,7500 Blessing Ave.,,Austin,TX,48,78752,,30.331962,-97.693195,Street,4.85E+14,,,2/27/2016,Yes,
37,37,Travis,453,Spring Hill Elementary School,600 S. Heatherwilde Blvd.,,Pflugerville,TX,48,78660,,30.44314,-97.643337,Street,4.85E+14,,,2/27/2016,Yes,
38,38,Travis,453,Barrington Elementary School,400 Cooper Dr.,,Austin,TX,48,78753,,30.360326,-97.696146,Street,4.85E+14,,,2/27/2016,Yes,
39,39,Travis,453,Winters Building,701 West 51st St.,,Austin,TX,48,78751,,30.318429,-97.730598,Street,4.85E+14,,,2/27/2016,Yes,
40,40,Travis,453,Red River Church,4425 Red River St.,,Austin,TX,48,78751,,30.304113,-97.719879,Street,4.85E+14,,,2/27/2016,Yes,
41,41,Travis,453,Boulder Ridge Community Room,3300 Killingsworth Ln.,,Pflugerville,TX,48,78660,,30.411421,-97.604029,Street,4.85E+14,,,2/27/2016,Yes,
42,42,Travis,453,River Oaks Elementary School,12401 Scofield Farms Dr.,,Austin,TX,48,78758,,30.407844,-97.688976,Street,4.85E+14,,,2/27/2016,Yes,
43,43,Travis,453,Hartfield Performing Arts Center,5800 McNeil Dr.,,Austin,TX,48,78729,,30.444992,-97.739588,Street,4.85E+14,,,2/27/2016,Yes,
44,44,Travis,453,UT Flawn Academic Center,2400 Inner Campus Dr. (West Mall),,Austin,TX,48,78712,,30.28721,-97.73512,Zip5,4.85E+14,,,2/27/2016,Yes,
45,45,Travis,453,Cook Elementary School,1511 Cripple Creek Dr.,,Austin,TX,48,78758,,30.377504,-97.703849,Street,4.85E+14,,,2/27/2016,Yes,
46,46,Travis,453,O. Henry Middle School,2610 West 10th St.,,Austin,TX,48,78703,,30.285414,-97.774791,Street,4.85E+14,,,2/27/2016,Yes,
47,47,Travis,453,Walnut Creek Elementary School,401 West Braker Ln.,,Austin,TX,48,78753,,30.380113,-97.683603,Street,4.85E+14,,,2/27/2016,Yes,
48,48,Travis,453,Bridge Point Elementary,6401 Cedar St.,,Austin,TX,48,78746,,30.33952,-97.803937,Street,4.85E+14,,,2/27/2016,Yes,
49,49,Travis,453,Cat Mountain H.O.A.,6007 Mount Bonnell Rd.,,Austin,TX,48,78731,,30.348791,-97.779745,Street,4.85E+14,,,2/27/2016,Yes,
50,50,Travis,453,Bryker Woods Elementary School,3309 Kerbey Ln.,,Austin,TX,48,78703,,30.304733,-97.751666,Street,4.85E+14,,,2/27/2016,Yes,
51,51,Travis,453,Wells Branch MUD,3000 Shoreline Dr.,,Austin,TX,48,78728,,30.454404,-97.683369,Street,4.85E+14,,,2/27/2016,Yes,
52,52,Travis,453,Northwest Elementary School,14014 Thermal Dr.,,Austin,TX,48,78728,,30.432331,-97.675553,Street,4.85E+14,,,2/27/2016,Yes,
53,53,Travis,453,Lanier High School,1201 Payton Gin Rd.,,Austin,TX,48,78758,,30.361205,-97.707726,Street,4.85E+14,,,2/27/2016,Yes,
54,54,Travis,453,ACC Northridge Campus,11928 Stonehollow Dr.,,Austin,TX,48,78758,,30.401733,-97.704685,Street,4.85E+14,,,2/27/2016,Yes,
55,55,Travis,453,Caldwell Elementary School,1718 Picadilly Dr.,,Round Rock,TX,48,78664,,30.467113,-97.654606,Street,4.85E+14,,,2/27/2016,Yes,
56,56,Travis,453,Bridge Point Elementary,6401 Cedar St.,,Austin,TX,48,78746,,30.33952,-97.803937,Street,4.85E+14,,,2/27/2016,Yes,
57,57,Travis,453,Brookdale North Austin,5310 Duval Rd.,,Austin,TX,48,78727,,30.418416,-97.743597,Street,4.85E+14,,,2/27/2016,Yes,
58,58,Travis,453,Wells Branch Community Center,2106 Klattenhoff Dr.,,Austin,TX,48,78728,,30.441747,-97.678947,Street,4.85E+14,,,2/27/2016,Yes,
59,59,Travis,453,Cat Mountain H.O.A.,6007 Mount Bonnell Rd.,,Austin,TX,48,78731,,30.348791,-97.779745,Street,4.85E+14,,,2/27/2016,Yes,
60,60,Travis,453,Canyon Ridge Middle School,12601 Country Trails Ln.,,Austin,TX,48,78731,,30.365985,-97.901905,Street,4.85E+14,,,2/27/2016,Yes,
61,61,Travis,453,River Place Elementary School,6500 Sitio Del Rio Blvd.,,Austin,TX,48,78730,,30.39114,-97.842708,Street,4.85E+14,,,2/27/2016,Yes,
62,62,Travis,453,McCallum High School,5600 Sunshine Dr.,,Austin,TX,48,78756,,30.326454,-97.729165,Street,4.85E+14,,,2/27/2016,Yes,
63,63,Travis,453,Rosedale School,2117 West 49th St.,,Austin,TX,48,78756,,30.320338,-97.740293,Street,4.85E+14,,,2/27/2016,Yes,
64,64,Travis,453,Highland Park Baptist Church,5206 Balcones Dr.,,Austin,TX,48,78731,,30.334436,-97.759561,Street,4.85E+14,,,2/27/2016,Yes,
65,65,Travis,453,Murchison Middle School,3700 North Hills Dr.,,Austin,TX,48,78731,,30.3531,-97.757892,Street,4.85E+14,,,2/27/2016,Yes,
66,66,Travis,453,Gullett Elementary School,6310 Treadwell Boulevard,,Austin,TX,48,78757,,30.343126,-97.748439,Street,4.85E+14,,,2/27/2016,Yes,
67,67,Travis,453,Highland Park Elementary School,4900 Fairview Dr.,,Austin,TX,48,78731,,30.329886,-97.759712,Street,4.85E+14,,,2/27/2016,Yes,
68,68,Travis,453,Northwest Baptist Church,6301 Woodrow Ave,,Austin,TX,48,78757,,30.334234,-97.730215,Street,4.85E+14,,,2/27/2016,Yes,
69,69,Travis,453,Ben Hur Shrine Center,7811 Rockwood Ln.,,Austin,TX,48,78757,,30.358417,-97.738297,Street,4.85E+14,,,2/27/2016,Yes,
70,70,Travis,453,Randalls Steiner Ranch,5145 RM 620 North,,Austin,TX,48,78732,,30.389871,-97.883756,Street,4.85E+14,,,2/27/2016,Yes,
71,71,Travis,453,Grandview Hills Elementary School,12024 Vista Parke Dr.,,Austin,TX,48,78726,,30.416614,-97.855372,Street,4.85E+14,,,2/27/2016,Yes,
72,72,Travis,453,Hill Elementary School,8601 Tallwood Dr.,,Austin,TX,48,78759,,30.377199,-97.749092,Street,4.85E+14,,,2/27/2016,Yes,
73,73,Travis,453,Doss Elementary School,7005 Northledge Dr.,,Austin,TX,48,78731,,30.356285,-97.763124,Street,4.85E+14,,,2/27/2016,Yes,
74,74,Travis,453,Burnet Middle School,8401 Hathaway Dr.,,Austin,TX,48,78757,,30.363637,-97.726486,Street,4.85E+14,,,2/27/2016,Yes,
75,75,Travis,453,St. Matthew's Episcopal Church,8134 Mesa Dr.,,Austin,TX,48,78759,,30.373631,-97.75612,Street,4.85E+14,,,2/27/2016,Yes,
76,76,Travis,453,St. Luke United Methodist Church,1306 West Lynn St.,,Austin,TX,48,78703,,30.281226,-97.758622,Street,4.85E+14,,,2/27/2016,Yes,
77,77,Travis,453,North Village Library,2505 Steck Ave.,,Austin,TX,48,78757,,30.361932,-97.72986,Street,4.85E+14,,,2/27/2016,Yes,
78,78,Travis,453,Howson Library,2500 Exposition Blvd.,,Austin,TX,48,78703,,30.297994,-97.767574,Street,4.85E+14,,,2/27/2016,Yes,
79,79,Travis,453,McBee Elementary School,1001 West Braker Ln.,,Austin,TX,48,78758,,30.383666,-97.690814,Street,4.85E+14,,,2/27/2016,Yes,
80,80,Travis,453,Summitt Elementary School,12207 Brigadoon Ln.,,Austin,TX,48,78727,,30.418753,-97.719944,Street,4.85E+14,,,2/27/2016,Yes,
81,81,Travis,453,Jaime Padron Elementary School,2011 W. Rundberg Ln.,,Austin,TX,48,78758,,30.373675,-97.719382,Street,4.85E+14,,,2/27/2016,Yes,
82,82,Travis,453,Anderson High School,8403 Mesa Dr.,,Austin,TX,48,78759,,30.376104,-97.754148,Street,4.85E+14,,,2/27/2016,Yes,
83,83,Travis,453,United Christian Church,3500 West Parmer Lane,,Austin,TX,48,78727,,30.423128,-97.70904,Street,4.85E+14,,,2/27/2016,Yes,
84,84,Travis,453,Grant AME Worship Center,1701 Kramer Ln.,,Austin,TX,48,78758,,30.384897,-97.702781,Street,4.85E+14,,,2/27/2016,Yes,
85,85,Travis,453,Congregation Beth Israel,3901 Shoal Creek Blvd.,,Austin,TX,48,78756,,30.308664,-97.74814,Street,4.85E+14,,,2/27/2016,Yes,
86,86,Travis,453,Baker Center,3908 Ave. B,,Austin,TX,48,78751,,30.303355,-97.735529,Street,4.85E+14,,,2/27/2016,Yes,
87,87,Travis,453,University Co-op,2246 Guadalupe St.,,Austin,TX,48,78705,,30.285922,-97.741918,Street,4.85E+14,,,2/27/2016,Yes,
88,88,Travis,453,Sunset Valley City Hall,3205 Jones Rd.,,Austin,TX,48,78745,,30.228393,-97.810392,Street,4.85E+14,,,2/27/2016,Yes,
89,89,Travis,453,Bailey Middle School,4020 Lost Oasis Hollow,,Austin,TX,48,78739,,30.162699,-97.873351,Street,4.85E+14,,,2/27/2016,Yes,
90,90,Travis,453,Oak Hill Primitive Baptist Church,11408 FM 1826,,Austin,TX,48,78737,,30.196492,-97.922385,Street,4.85E+14,,,2/27/2016,Yes,
91,91,Travis,453,Kiker Elementary School,5913 LaCrosse Ave.,,Austin,TX,48,78739,,30.192084,-97.881722,Street,4.85E+14,,,2/27/2016,Yes,
92,92,Travis,453,Great Hills Baptist Church,10500 Jollyville Rd.,,Austin,TX,48,78759,,30.399421,-97.749561,Street,4.85E+14,,,2/27/2016,Yes,
93,93,Travis,453,Lakeway Activity Center,105 Cross Creek,,Austin,TX,48,78734,,30.363152,-97.979453,Street,4.85E+14,,,2/27/2016,Yes,
94,94,Travis,453,Rollingwood Municipal Building,403 Nixon Dr.,,Austin,TX,48,78746,,30.275864,-97.788545,Street,4.85E+14,,,2/27/2016,Yes,
95,95,Travis,453,Briarcliff P.O.A. Community Center,22801 Briarcliff Dr.,,Spicewood,TX,48,78669,,30.406785,-98.058021,Street,4.85E+14,,,2/27/2016,Yes,
96,96,Travis,453,Cowan Elem. School,2817 Kentish Dr.,,Austin,TX,48,78748,,30.18863,-97.831372,Street,4.85E+14,,,2/27/2016,Yes,
97,97,Travis,453,Manchaca United Methodist Church,1011 FM 1626,,Manchaca,TX,48,78652,,30.13343,-97.8546,Zip5,4.85E+14,,,2/27/2016,Yes,
98,98,Travis,453,ACC Rio Grande,1212 Rio Grande St.,,Austin,TX,48,78701,,30.276019,-97.747422,Street,4.85E+14,,,2/27/2016,Yes,
99,99,Travis,453,Travis County Sheriff’s Office,3800 Hudson Bend Rd.,,Austin,TX,48,78734,,30.398046,-97.929022,Street,4.85E+14,,,2/27/2016,Yes,
100,100,Travis,453,Senior Activity Center,2874 Shoal Crest Ave.,,Austin,TX,48,78705,,30.297304,-97.748018,Street,4.85E+14,,,2/27/2016,Yes,
101,101,Travis,453,Oak Hill Fire Dept. Barton Creek Station #302,4111 Barton Creek Blvd.,,Austin,TX,48,78735,,30.279239,-97.883794,Street,4.85E+14,,,2/27/2016,Yes,
102,102,Travis,453,Villages Amenities Center,12006 Gatling Gun Ln.,,Austin,TX,48,78748,,30.153801,-97.853979,Street,4.85E+14,,,2/27/2016,Yes,
103,103,Travis,453,Travis County Parks Office,14624 Hamilton Pool Rd.,,Austin,TX,48,78738,,30.307361,-97.975627,Street,4.85E+14,,,2/27/2016,Yes,
104,104,Travis,453,Lost Creek MUD Office,1305 Quaker Ridge Dr.,,Austin,TX,48,78746,,30.284086,-97.833401,Street,4.85E+14,,,2/27/2016,Yes,
105,105,Travis,453,Austin Ridge Bible Church,9300 Bee Cave Rd.,,Austin,TX,48,78733,,30.317755,-97.868546,Street,4.85E+14,,,2/27/2016,Yes,
106,106,Travis,453,Lakeway Activity Center,105 Cross Creek,,Austin,TX,48,78734,,30.363152,-97.979453,Street,4.85E+14,,,2/27/2016,Yes,
107,107,Travis,453,Randalls Lakeway,2301 RR 620 South,,Austin,TX,48,78759,,30.341962,-97.967648,Street,4.85E+14,,,2/27/2016,Yes,
108,108,Travis,453,Great Hills Baptist Church,10500 Jollyville Rd.,,Austin,TX,48,78759,,30.399421,-97.749561,Street,4.85E+14,,,2/27/2016,Yes,
109,109,Travis,453,Bee Cave City Hall,4000 Galleria Pkwy.,,Bee Cave,TX,48,78738,,30.308923,-97.940181,Street,4.85E+14,,,2/27/2016,Yes,
110,110,Travis,453,Austin City Hall,301 West 2nd St.,,Austin,TX,48,78701,,30.264848,-97.746631,Street,4.85E+14,,,2/27/2016,Yes,
111,111,Travis,453,Laurel Mountain Elementary,10111 DK Ranch Rd.,,Austin,TX,48,78759,,30.414439,-97.781735,Street,4.85E+14,,,2/27/2016,Yes,
112,112,Travis,453,Fire Station # 33,9409 Bluegrass Dr.,,Austin,TX,48,78759,,30.399093,-97.767503,Street,4.85E+14,,,2/27/2016,Yes,
113,113,Travis,453,Renaissance Retirement Center,11279 Taylor Draper Ln.,,Austin,TX,48,78759,,30.411705,-97.75318,Street,4.85E+14,,,2/27/2016,Yes,
114,114,Travis,453,Laura's Library,9411 Bee Cave Rd.,,Austin,TX,48,78733,,30.316143,-97.873108,Street,4.85E+14,,,2/27/2016,Yes,
115,115,Travis,453,Kathy Caraway Elementary School,11104 Oak View Dr.,,Austin,TX,48,78759,,30.420022,-97.767596,Street,4.85E+14,,,2/27/2016,Yes,
116,116,Travis,453,Zilker Elementary School,1900 Bluebonnet Ln.,,Austin,TX,48,78704,,30.252706,-97.773592,Street,4.85E+14,,,2/27/2016,Yes,
117,117,Travis,453,Canyon Creek Elementary School,10210 Ember Glen Drive,,Austin,TX,48,78726,,30.436404,-97.824742,Street,4.85E+14,,,2/27/2016,Yes,
118,118,Travis,453,Celebration Church - Anderson Mill,10401 Anderson Mill Rd.,,Austin,TX,48,78750,,30.447003,-97.805652,Street,4.85E+14,,,2/27/2016,Yes,
119,119,Travis,453,Canyon Vista Middle School,8455 Spicewood Springs Rd.,,Austin,TX,48,78759,,30.427633,-97.784239,Street,4.85E+14,,,2/27/2016,Yes,
120,120,Travis,453,Hallmark Baptist Church,9023 Old Lampasas Tr.,,Austin,TX,48,78750,,30.420323,-97.798837,Street,4.85E+14,,,2/27/2016,Yes,
121,121,Travis,453,Lakewood Homeowner's Association,7317 Lakewood Dr.,,Austin,TX,48,78750,,30.375046,-97.789103,Street,4.85E+14,,,2/27/2016,Yes,
122,122,Travis,453,Travis County WCID #18,1502 San Juan Dr.,,Austin,TX,48,78733,,30.338709,-97.866818,Street,4.85E+14,,,2/27/2016,Yes,
123,123,Travis,453,Western Hills Church of Christ,6211 Parkwood Dr.,,Austin,TX,48,78735,,30.236827,-97.855406,Street,4.85E+14,,,2/27/2016,Yes,
124,124,Travis,453,Barton Hills Elementary School,2108 Barton Hills Dr.,,Austin,TX,48,78704,,30.254157,-97.782912,Street,4.85E+14,,,2/27/2016,Yes,
125,125,Travis,453,Cunningham Elem. School,2200 Berkeley Ave.,,Austin,TX,48,78745,,30.209677,-97.806169,Street,4.85E+14,,,2/27/2016,Yes,
126,126,Travis,453,Serene Hills Elem. School,3301 Serene Hills Dr.,,Austin,TX,48,78738,,30.34359,-97.997836,Street,4.85E+14,,,2/27/2016,Yes,
127,127,Travis,453,Hill Country Middle School,1300 Walsh Tarlton Ln.,,Austin,TX,48,78746,,30.271749,-97.802326,Street,4.85E+14,,,2/27/2016,Yes,
128,128,Travis,453,ACC Pinnacle Campus,7748 Highway 290 West,,Austin,TX,48,78749,,30.229671,-97.881909,Street,4.85E+14,,,2/27/2016,Yes,
129,129,Travis,453,Cowan Elem. School,2817 Kentish Dr.,,Austin,TX,48,78748,,30.18863,-97.831372,Street,4.85E+14,,,2/27/2016,Yes,
130,130,Travis,453,Small Middle School,4801 Monterey Oaks Blvd.,,Austin,TX,48,78749,,30.234406,-97.840459,Street,4.85E+14,,,2/27/2016,Yes,
131,131,Travis,453,Covington Middle School,3700 Convict Hill Rd.,,Austin,TX,48,78749,,30.211623,-97.834759,Street,4.85E+14,,,2/27/2016,Yes,
132,132,Travis,453,LTISD Educational Development Center,607 RR 620 North,,Lakeway,TX,48,78734,,30.369499,-97.948761,Street,4.85E+14,,,2/27/2016,Yes,
133,133,Travis,453,Bowie High School,4103 West Slaughter Ln.,,Austin,TX,48,78749,,30.188679,-97.856814,Street,4.85E+14,,,2/27/2016,Yes,
134,134,Travis,453,Oak Hill Fire Dept. Station #301,9211 Circle Dr.,,Austin,TX,48,78736,,30.238955,-97.918769,Street,4.85E+14,,,2/27/2016,Yes,
135,135,Travis,453,Will Hampton Branch Public Library,5125 Convict Hill Rd.,,Austin,TX,48,78749,,30.218672,-97.854398,Street,4.85E+14,,,2/27/2016,Yes,
136,136,Travis,453,Shepherd of the Hills Presbyterian Church,5226 W. William Cannon Dr.,,Austin,TX,48,78749,,30.224876,-97.853208,Street,4.85E+14,,,2/27/2016,Yes,
137,137,Travis,453,Randalls Flagship West Lake Hills,3300 Bee Cave Rd.,,Austin,TX,48,78746,,30.275131,-97.801168,Street,4.85E+14,,,2/27/2016,Yes,
138,138,Travis,453,Community Center at Oak Hill,8656 Highway 71 West,,Austin,TX,48,78735,,30.250037,-97.894176,Street,4.85E+14,,,2/27/2016,Yes,
139,139,Travis,453,Mills Elementary School,6201 Davis Ln.,,Austin,TX,48,78749,,30.211575,-97.877325,Street,4.85E+14,,,2/27/2016,Yes,
140,140,Travis,453,Clayton Elementary School,7525 LaCrosse Ave.,,Austin,TX,48,78739,,30.196015,-97.906028,Street,4.85E+14,,,2/27/2016,Yes,
141,141,Travis,453,Christ Episcopal Church,3520 West Whitestone Blvd.,,Cedar Park,TX,48,78613,,30.536717,-97.77748,Street,4.85E+14,,,2/27/2016,Yes,
142,142,Travis,453,Round Mountain Community Center,14340 Round Mountain Rd.,,Leander,TX,48,78641,,30.572717,-97.949351,Street,4.85E+14,,,2/27/2016,Yes,
143,143,Travis,453,Lago Vista Middle School,8039 Bar-K Ranch Rd.,,Lago Vista,TX,48,78645,,30.481088,-97.977588,Street,4.85E+14,,,2/27/2016,Yes,
144,144,Travis,453,Community Center at Jonestown,"18649 FM 1431, Suite 6A",,Jonestown,TX,48,78645,,30.492406,-97.923566,Street,4.85E+14,,,2/27/2016,Yes,
145,145,Travis,453,Lago Vista City Hall,5803 Thunderbird St.,,Lago Vista,TX,48,78645,,30.453819,-97.986968,Street,4.85E+14,,,2/27/2016,Yes,
146,146,Travis,453,Deer Creek Elementary,2420 Zeppelin Dr.,,Cedar Park,TX,48,78613,,30.483463,-97.853221,Street,4.85E+14,,,2/27/2016,Yes,
147,147,Travis,453,Volente Fire Dept,15406 FM 2769,,Volente,TX,48,78641,,30.435609,-97.904141,Street,4.85E+14,,,2/27/2016,Yes,
148,148,Travis,453,Del Valle ISD Administration Building,5301 Ross Rd.,,Del Valle,TX,48,78617,,30.178109,-97.615233,Street,4.85E+14,,,2/27/2016,Yes,
149,149,Travis,453,Elroy Community Library,13512 FM 812,,Del Valle,TX,48,78617,,30.124568,-97.639672,Street,4.85E+14,,,2/27/2016,Yes,
150,150,Travis,453,Creedmoor Elementary School,5604 FM 1327,,Austin,TX,48,78747,,30.088886,-97.72242,Street,4.85E+14,,,2/27/2016,Yes,
151,151,Travis,453,Blazier Elementary School,8601 Vertex Blvd.,,Austin,TX,48,78747,,30.156193,-97.752773,Street,4.85E+14,,,2/27/2016,Yes,
152,152,Travis,453,Ojeda Middle School,4900 McKinney Falls Pkwy,,Austin,TX,48,78744,,30.189835,-97.711683,Street,4.85E+14,,,2/27/2016,Yes,
153,153,Travis,453,St. Alban's Episcopal Church,11819 IH-35 South,,Austin,TX,48,78747,,30.129874,-97.79939,Street,4.85E+14,,,2/27/2016,Yes,
154,154,Travis,453,Community Center at Del Valle,3518 South FM 973,,Del Valle,TX,48,78617,,30.198186,-97.642551,Street,4.85E+14,,,2/27/2016,Yes,
155,155,Travis,453,Southwest Church,8900 Manchaca Rd.,,Austin,TX,48,78748,,30.183038,-97.818318,Street,4.85E+14,,,2/27/2016,Yes,
156,156,Travis,453,Galindo Elementary School,3800 South 2nd St.,,Austin,TX,48,78704,,30.228689,-97.771459,Street,4.85E+14,,,2/27/2016,Yes,
157,157,Travis,453,Science & Health Resource Center,305 North Bluff Dr.,,Austin,TX,48,78745,,30.197331,-97.77477,Street,4.85E+14,,,2/27/2016,Yes,
158,158,Travis,453,Akins High School,10701 South 1st St.,,Austin,TX,48,78748,,30.15083,-97.801907,Street,4.85E+14,,,2/27/2016,Yes,
159,159,Travis,453,Randalls Ben White,2025 West Ben White Blvd.,,Austin,TX,48,78704,,30.230087,-97.789789,Street,4.85E+14,,,2/27/2016,Yes,
160,160,Travis,453,Langford Elementary,2206 Blue Meadow Dr.,,Austin,TX,48,78744,,30.181589,-97.763857,Street,4.85E+14,,,2/27/2016,Yes,
161,161,Travis,453,Texas Oaks Baptist Church,9910 Bilbrook Place,,Austin,TX,48,78748,,30.168671,-97.817186,Street,4.85E+14,,,2/27/2016,Yes,
162,162,Travis,453,Casey Elementary School,9400 Texas Oaks Dr.,,Austin,TX,48,78748,,30.174723,-97.814599,Street,4.85E+14,,,2/27/2016,Yes,
163,163,Travis,453,Akins High School,10701 South 1st St.,,Austin,TX,48,78748,,30.15083,-97.801907,Street,4.85E+14,,,2/27/2016,Yes,
164,164,Travis,453,Odom Elem.,1010 Turtle Creek Blvd.,,Austin,TX,48,78745,,30.205356,-97.789563,Street,4.85E+14,,,2/27/2016,Yes,
165,165,Travis,453,Parker Lane United Methodist Church,2105 Parker Ln.,,Austin,TX,48,78741,,30.233749,-97.735833,Street,4.85E+14,,,2/27/2016,Yes,
166,166,Travis,453,Church on Congress Avenue,1511 South Congress Ave.,,Austin,TX,48,78704,,30.248769,-97.749798,Street,4.85E+14,,,2/27/2016,Yes,
167,167,Travis,453,Fulmore Middle School,201 East Mary St.,,Austin,TX,48,78704,,30.244728,-97.750183,Street,4.85E+14,,,2/27/2016,Yes,
168,168,Travis,453,Montopolis Recreation Center,1200 Montopolis Dr.,,Austin,TX,48,78741,,30.232363,-97.698894,Street,4.85E+14,,,2/27/2016,Yes,
169,169,Travis,453,South Austin Rec. Center,1100 Cumberland Rd.,,Austin,TX,48,78704,,30.241026,-97.768519,Street,4.85E+14,,,2/27/2016,Yes,
170,170,Travis,453,St. Elmo Elem. School,600 West St. Elmo Rd.,,Austin,TX,48,78745,,30.221174,-97.772842,Street,4.85E+14,,,2/27/2016,Yes,
171,171,Travis,453,Govalle Elementary School,3601 Govalle Ave.,,Austin,TX,48,78702,,30.264711,-97.698894,Street,4.85E+14,,,2/27/2016,Yes,
172,172,Travis,453,Sanchez Elementary,73 San Marcos St.,,Austin,TX,48,78702,,30.258126,-97.735574,Street,4.85E+14,,,2/27/2016,Yes,
173,173,Travis,453,Dan Ruiz Branch Public Library,1600 Grove Blvd.,,Austin,TX,48,78741,,30.229991,-97.706487,Street,4.85E+14,,,2/27/2016,Yes,
174,174,Travis,453,Wheatsville Food Co-op,4001 South Lamar Blvd.,,Austin,TX,48,78704,,30.235311,-97.793501,Street,4.85E+14,,,2/27/2016,Yes,
175,175,Travis,453,Baty Elementary School,2101 Faro Dr.,,Austin,TX,48,78741,,30.227136,-97.71393,Street,4.85E+14,,,2/27/2016,Yes,
176,176,Travis,453,Travis High School,1211 East Oltorf St.,,Austin,TX,48,78704,,30.234747,-97.744149,Street,4.85E+14,,,2/27/2016,Yes,
177,177,Travis,453,Southwest Church,8900 Manchaca Rd.,,Austin,TX,48,78748,,30.183038,-97.818318,Street,4.85E+14,,,2/27/2016,Yes,
178,178,Travis,453,Twin Oaks Branch Library,1800 South 5th St.,,Austin,TX,48,78704,,30.249314,-97.761624,Street,4.85E+14,,,2/27/2016,Yes,
179,179,Travis,453,Cantu/Pan Am Recreation Center,2100 East 3rd St.,,Austin,TX,48,78702,,30.258001,-97.720842,Street,4.85E+14,,,2/27/2016,Yes,
180,180,Travis,453,Cityview at the Park Senior Apts.,2000 Woodward St.,,Austin,TX,48,78741,,30.217423,-97.743745,Street,4.85E+14,,,2/27/2016,Yes,
181,181,Travis,453,St. John's Lutheran Church,409 West Ben White Blvd.,,Austin,TX,48,78704,,30.225007,-97.768127,Street,4.85E+14,,,2/27/2016,Yes,
182,182,Travis,453,Southeast Branch Library,5803 Nuckols Crossing Rd.,,Austin,TX,48,78744,,30.187318,-97.742413,Street,4.85E+14,,,2/27/2016,Yes,
183,183,Travis,453,Odom Elem.,1010 Turtle Creek Blvd.,,Austin,TX,48,78745,,30.205356,-97.789563,Street,4.85E+14,,,2/27/2016,Yes,
184,184,Travis,453,Langford Elementary,2206 Blue Meadow Dr.,,Austin,TX,48,78744,,30.181589,-97.763857,Street,4.85E+14,,,2/27/2016,Yes,
185,185,Travis,453,Bedichek Middle School,6800 Bill Hughes Rd.,,Austin,TX,48,78745,,30.194855,-97.785723,Street,4.85E+14,,,2/27/2016,Yes,
186,186,Travis,453,Houston Elementary School,5409 Ponciana Dr.,,Austin,TX,48,78744,,30.19848,-97.755127,Street,4.85E+14,,,2/27/2016,Yes,
187,187,Travis,453,Randalls Ben White,2025 West Ben White Blvd.,,Austin,TX,48,78704,,30.230087,-97.789789,Street,4.85E+14,,,2/27/2016,Yes,
188,188,Travis,453,ACC South Austin Campus,1820 West Stassney Ln.,,Austin,TX,48,78745,,30.214814,-97.795952,Street,4.85E+14,,,2/27/2016,Yes,
189,189,Travis,453,Wheatsville Food Co-op,4001 South Lamar Blvd.,,Austin,TX,48,78704,,30.235311,-97.793501,Street,4.85E+14,,,2/27/2016,Yes,
190,190,Travis,453,Williams Elementary School,500 Mairo St.,,Austin,TX,48,78748,,30.180567,-97.790975,Street,4.85E+14,,,2/27/2016,Yes,
191,191,Williamson,491,Anderson Mill Limited District*,11500 El Salido Parkway Austin,,Austin,TX,48,0,,30.4562,-97.82024,Zip9,4.85E+14,,,2/27/2016,Yes,
192,192,Williamson,491,Bethany United Methodist Church,10010 Anderson Mill Rd Austin,,Austin,TX,48,0,,30.44716,-97.8007,Zip9,4.85E+14,,,2/27/2016,Yes,
193,193,Williamson,491,La Quinta Inn & Suites ­,AUS 10701 Lakeline Mall Dr Austin,,Austin,TX,48,0,,30.47466,-97.79591,Zip9,4.85E+14,,,2/27/2016,Yes,
194,194,Williamson,491,Lord of Life Lutheran Church,9700 Neenah Ave Austin,,Austin,TX,48,0,,30.48842,-97.76903,Zip9,4.85E+14,,,2/27/2016,Yes,
195,195,Williamson,491,Northwest Fellowship,13427 Pond Springs Rd Austin,,Austin,TX,48,0,,30.45145,-97.78666,Zip9,4.85E+14,,,2/27/2016,Yes,
196,196,Williamson,491,Rattan Creek Park Comm. Center,7617 Elkhorn Mountain Trail Austin,,Austin,TX,48,0,,30.44903,-97.75742,Zip9,4.85E+14,,,2/27/2016,Yes,
197,197,Williamson,491,Bartlett Town Hall,140 W Clark St Bartlett,,Bartlett,TX,48,0,,30.79584,-97.42961,Zip9,4.85E+14,,,2/27/2016,Yes,
198,198,Williamson,491,Coupland School,620 S Commerce St Coupland,,Coupland,TX,48,0,,30.45195,-97.39044,Zip9,4.85E+14,,,2/27/2016,Yes,
199,199,Williamson,491,Andice Comm. Center,6600 FM 970 Andice Florence,,Florence,TX,48,0,,30.8433,-97.79482,Zip5,4.85E+14,,,2/27/2016,Yes,
200,200,Williamson,491,Florence City Hall,106 S Patterson Ave Florence,,Florence,TX,48,0,,30.8433,-97.79482,Zip5,4.85E+14,,,2/27/2016,Yes,
201,201,Williamson,491,County Central Maintenance Facility,3151 SE Inner Loop Georgetown,,Georgetown,TX,48,0,,30.6282,-97.64349,Zip9,4.85E+14,,,2/27/2016,Yes,
202,202,Williamson,491,Estrella Oaks Rehab & Care,4011 Williams Dr Georgetown,,Georgetown,TX,48,0,,30.67606,-97.70592,Zip9,4.85E+14,,,2/27/2016,Yes,
203,203,Williamson,491,First Baptist Church ­ Georgetown,1333 W University Ave Georgetown,,Georgetown,TX,48,0,,30.63282,-97.70734,Zip9,4.85E+14,,,2/27/2016,Yes,
204,204,Williamson,491,Georgetown Airport ­ Terminal Bldg,500 Terminal Dr Georgetown,,Georgetown,TX,48,0,,30.67938,-97.67603,Zip9,4.85E+14,,,2/27/2016,Yes,
205,205,Williamson,491,GISD Administration Bldg*,603 Lakeway Dr Georgetown,,Georgetown,TX,48,0,,30.66822,-97.68821,Zip9,4.85E+14,,,2/27/2016,Yes,
206,206,Williamson,491,Main Street Baptist Church,111 West 10th St ­ Ministry Center Georgetown,,Georgetown,TX,48,0,,30.635046,-97.6771,Street,4.85E+14,,,2/27/2016,Yes,
207,207,Williamson,491,Parks and Recreation Admin Bldg*,1101 N College St Georgetown,,Georgetown,TX,48,0,,30.65195,-97.66345,Zip9,4.85E+14,,,2/27/2016,Yes,
208,208,Williamson,491,San Gabriel Presbyterian Church,5404 Williams Dr Georgetown,,Georgetown,TX,48,0,,30.7029,-97.7444,Zip9,4.85E+14,,,2/27/2016,Yes,
209,209,Williamson,491,Sun City Social Center,2 Texas Dr Georgetown,,Georgetown,TX,48,0,,30.71698,-97.71569,Zip9,4.85E+14,,,2/27/2016,Yes,
210,210,Williamson,491,Williamson County Inner Loop Annex*,301 S E Inner Loop Georgetown,,Georgetown,TX,48,0,,30.60673,-97.6788,Zip9,4.85E+14,,,2/27/2016,Yes,
211,211,Williamson,491,Hutto City Hall,401 W Front St Hutto,,Hutto,TX,48,0,,30.54178,-97.55046,Zip9,4.85E+14,,,2/27/2016,Yes,
212,212,Williamson,491,Hutto ISD Admin. Building*,200 College St Hutto,,Hutto,TX,48,0,,30.54543,-97.54328,Zip9,4.85E+14,,,2/27/2016,Yes,
213,213,Williamson,491,Jarrell Memorial Park Comm. Cntr,1651 CR 305 Jarrell,,Jarrell,TX,48,0,,30.83745,-97.620769,Street,4.85E+14,,,2/27/2016,Yes,
214,214,Williamson,491,Leander Church of Christ,300 Crystal Falls Parkway Leander,,Leander,TX,48,0,,30.55678,-97.84769,Zip9,4.85E+14,,,2/27/2016,Yes,
215,215,Williamson,491,Leander High School,3301 S Bagdad Rd Leander,,Leander,TX,48,0,,30.53651,-97.84772,Zip9,4.85E+14,,,2/27/2016,Yes,
216,216,Williamson,491,Leander Public Library,1011 S Bagdad Rd Leander,,Leander,TX,48,0,,30.56048,-97.86175,Zip9,4.85E+14,,,2/27/2016,Yes,
217,217,Williamson,491,Pat Bryson Municipal Hall*,201 N Brushy St Leander,,Leander,TX,48,0,,30.55005,-97.87394,Zip5,4.85E+14,,,2/27/2016,Yes,
218,218,Williamson,491,Rouse High School,1501 CR 271 Leander,,Leander,TX,48,0,,30.58344,-97.83496,Zip9,4.85E+14,,,2/27/2016,Yes,
219,219,Williamson,491,Liberty Hill High School,16500 W SH 29 Liberty Hill,,Liberty Hill,TX,48,0,,30.680999,-97.955531,Street,4.85E+14,,,2/27/2016,Yes,
220,220,Williamson,491,Baca Senior Center*,"301 W Bagdad Ave, Bldg 2 ROUND ROCK",,Round Rock,TX,48,0,,30.506898,-97.680528,Street,4.85E+14,,,2/27/2016,Yes,
221,221,Williamson,491,Bluebonnet Trail Comm. Services,1009 N Georgetown Ave Round Rock,,Round Rock,TX,48,0,,30.517496,-97.670713,Street,4.85E+14,,,2/27/2016,Yes,
222,222,Williamson,491,Brushy Creek Comm. Center*,16318 Great Oaks Dr Round Rock,,Round Rock,TX,48,0,,30.49515,-97.73544,Zip9,4.85E+14,,,2/27/2016,Yes,
223,223,Williamson,491,Cedar Ridge High School,2801 Gattis School Rd Round Rock,,Round Rock,TX,48,0,,30.49638,-97.63843,Zip9,4.85E+14,,,2/27/2016,Yes,
224,224,Williamson,491,Dell Diamond Heritage Center,3400 E PALM VALLEY BLVD Round Rock,,Round Rock,TX,48,0,,30.526557,-97.629085,Street,4.85E+14,,,2/27/2016,Yes,
225,225,Williamson,491,Fern Bluff MUD Comm. Center,7320 Wyoming Springs Dr ROUND ROCK,,Round Rock,TX,48,0,,30.51875,-97.71951,Zip9,4.85E+14,,,2/27/2016,Yes,
226,226,Williamson,491,Forest Creek Elementary School,3505 Forest Creek Dr ROUND ROCK,,Round Rock,TX,48,0,,30.508816,-97.610394,Street,4.85E+14,,,2/27/2016,Yes,
227,227,Williamson,491,JB & Hallie Jester Annex*,1801 E Old Settlers Blvd Round Rock,,Round Rock,TX,48,0,,30.540706,-97.659136,Street,4.85E+14,,,2/27/2016,Yes,
228,228,Williamson,491,Round Rock High School,300 N Lake Creek Dr Round Rock,,Round Rock,TX,48,0,,30.509179,-97.694886,Street,4.85E+14,,,2/27/2016,Yes,
229,229,Williamson,491,Round Rock Presbyterian Church,4010 Sam Bass Rd Round Rock,,Round Rock,TX,48,0,,30.53558,-97.7422,Zip9,4.85E+14,,,2/27/2016,Yes,
230,230,Williamson,491,Round Rock Randalls*,2051 Gattis School Road Round Rock,,Round Rock,TX,48,0,,30.49611,-97.65505,Zip9,4.85E+14,,,2/27/2016,Yes,
231,231,Williamson,491,Round Rock Sports Center,2400 Chisholm Trail Round Rock,,Round Rock,TX,48,0,,30.53957,-97.69498,Zip9,4.85E+14,,,2/27/2016,Yes,
232,232,Williamson,491,Teravista Comm. Center,4211 Teravista Club Dr Round Rock,,Round Rock,TX,48,0,,30.57157,-97.67164,Zip9,4.85E+14,,,2/27/2016,Yes,
233,233,Williamson,491,The Fellowship Church of Round Rock,3379 Gattis School Rd Round Rock,,Round Rock,TX,48,0,,30.4965,-97.62969,Zip9,4.85E+14,,,2/27/2016,Yes,
234,234,Williamson,491,Williamson County Annex,"211 Commerce Blvd., Bldg B Round Rock",,Round Rock,TX,48,0,,30.531982,-97.685714,Street,4.85E+14,,,2/27/2016,Yes,
235,235,Williamson,491,Taylor City Hall*,400 PORTER ST Taylor,,Taylor,TX,48,0,,30.57134,-97.40861,Zip9,4.85E+14,,,2/27/2016,Yes,
236,236,Williamson,491,Taylor Public Library,801 Vance St Taylor,,Taylor,TX,48,0,,30.57488,-97.41241,Zip9,4.85E+14,,,2/27/2016,Yes,
237,237,Williamson,491,St John Lutheran,409 S Main St Thrall,,Thrall,TX,48,0,,30.51699,-97.24663,Zip5,4.85E+14,,,2/27/2016,Yes,
238,238,Jefferson,245,Amelia Elementary School,565 S. Major Dr.,,Beaumont,TX,48,77707,,30.07025,-94.189552,Street,4.82E+14,,,2/27/2016,Yes,
239,239,Jefferson,245,Beaumont Municipal Airport,455 Keith Rd.,,Beaumont,TX,48,77713,,30.126985,-94.212811,Street,4.82E+14,,,2/27/2016,Yes,
240,240,Jefferson,245,Bevil Oaks Civic Center,7390 Sweetgum Rd.,,Bevil Oaks,TX,48,77713,,30.147111,-94.26917,Street,4.82E+14,,,2/27/2016,Yes,
241,241,Jefferson,245,BISD Administration Building,3395 Harrison Ave.,,Beaumont,TX,48,77706,,30.089333,-94.136598,Street,4.82E+14,,,2/27/2016,Yes,
242,242,Jefferson,245,Calvary Baptist Church,3650 Dowlen Rd.,,Beaumont,TX,48,77706,,30.112105,-94.16836,Street,4.82E+14,,,2/27/2016,Yes,
243,243,Jefferson,245,Dishman Elementary,3475 Champions Dr.,,Beaumont,TX,48,77707,,30.040584,-94.179261,Street,4.82E+14,,,2/27/2016,Yes,
244,244,Jefferson,245,O.C. Mike Taylor Career Center,2330 North St.,,Beaumont,TX,48,77702,,30.087911,-94.121056,Street,4.82E+14,,,2/27/2016,Yes,
245,245,Jefferson,245,Precinct 1 Service Center,20205 W. Hwy 90,,Beaumont,TX,48,77713,,30.033266,-94.437203,Street,4.82E+14,,,2/27/2016,Yes,
246,246,Jefferson,245,Rogers Park Community Center,6540 Gladys Ave.,,Beaumont,TX,48,77706,,30.091498,-94.174068,Street,4.82E+14,,,2/27/2016,Yes,
247,247,Jefferson,245,Roy Guess Elementary,8055 Voth Rd.,,Beaumont,TX,48,77708,,30.146721,-94.180978,Street,4.82E+14,,,2/27/2016,Yes,
248,248,Jefferson,245,Hebert Library,2025 Merriman St.,,Port Neches,TX,48,77651,,29.981302,-93.955186,Street,4.82E+14,,,2/27/2016,Yes,
249,249,Jefferson,245,Central Gardens Fire Station,3707 Central Blvd.,,Nederland,TX,48,77627,,29.994132,-94.021228,Street,4.82E+14,,,2/27/2016,Yes,
250,250,Jefferson,245,Groves Elementary,3901 Cleveland Ave.,,Groves,TX,48,77619,,29.949931,-93.913983,Street,4.82E+14,,,2/27/2016,Yes,
251,251,Jefferson,245,Nederland City Hall,207 N. 12th Street,,Nederland,TX,48,77627,,29.975234,-93.990551,Street,4.82E+14,,,2/27/2016,Yes,
252,252,Jefferson,245,Jerry Ware Airport Terminal,5000 Jerry Ware Dr.,,Beaumont,TX,48,77705,,29.95278,-94.07689,Zip9,4.82E+14,,,2/27/2016,Yes,
253,253,Jefferson,245,JP 4 BLDG,19217 FM 365,,Beaumont,TX,48,77704,,29.925623,-94.2503,Street,4.82E+14,,,2/27/2016,Yes,
254,254,Jefferson,245,Marion & Ed Hughes Public Library,2712 Nederland Ave.,,Nederland,TX,48,77627,,29.963592,-93.999776,Street,4.82E+14,,,2/27/2016,Yes,
255,255,Jefferson,245,Port Neches City Hall,20005 Merriman,,Port Neches,TX,48,77651,,29.97792,-93.96472,Zip5,4.82E+14,,,2/27/2016,Yes,
256,256,Jefferson,245,West Groves Education Center,5840 W. Jefferson Blvd.,,Groves,TX,48,77619,,29.945398,-93.924907,Street,4.82E+14,,,2/27/2016,Yes,
257,257,Jefferson,245,DeQueen Elementary,740 DeQueen Blvd.,,Port Arthur,TX,48,77640,,29.889914,-93.923211,Street,4.82E+14,,,2/27/2016,Yes,
258,258,Jefferson,245,El Vista Community Center,615 Ellias St.,,Port Arthur,TX,48,77640,,29.897406,-93.989164,Street,4.82E+14,,,2/27/2016,Yes,
259,259,Jefferson,245,Jefferson County Sub-Courthouse,525 Lakeshore Dr.,,Port Arthur,TX,48,77640,,29.870589,-93.93202,Street,4.82E+14,,,2/27/2016,Yes,
260,260,Jefferson,245,Memorial 9th Grade Academy,2441 61st St.,,Port Arthur,TX,48,77642,,29.899516,-94.018203,Street,4.82E+14,,,2/27/2016,Yes,
261,261,Jefferson,245,O W Collings Retirement Center,4440 Gulfway Dr.,,Port Arthur,TX,48,77642,,29.915585,-93.912863,Street,4.82E+14,,,2/27/2016,Yes,
262,262,Jefferson,245,Port Arthur Public Library,4615 9th Ave,,Port Arthur,TX,48,77642,,29.926958,-93.947792,Street,4.82E+14,,,2/27/2016,Yes,
263,263,Jefferson,245,Port Arthur Recreation Center,1308 9th Ave,,Port Arthur,TX,48,77642,,29.905571,-93.916888,Street,4.82E+14,,,2/27/2016,Yes,
264,264,Jefferson,245,R.L. Gabby Eldridge Center,5262 Gulfway Dr.,,Sabine Pass,TX,48,77655,,29.73267,-93.89657,Zip5,4.82E+14,,,2/27/2016,Yes,
265,265,Jefferson,245,Travis Elementary,1115 Lakeview Ave.,,Port Arthur,TX,48,77642,,29.918006,-93.902747,Street,4.82E+14,,,2/27/2016,Yes,
266,266,Jefferson,245,Willie Ryman III Community Center,3248 39th St,,Port Arthur,TX,48,77642,,29.918801,-93.944487,Street,4.82E+14,,,2/27/2016,Yes,
267,267,Jefferson,245,Alice Keith Park Recreation Center,4075 Highland Ave.,,Beaumont,TX,48,77705,,30.047608,-94.085289,Street,4.82E+14,,,2/27/2016,Yes,
268,268,Jefferson,245,Charlton-Pollard Elementary,825 Jackson St.,,Beaumont,TX,48,77701,,30.070399,-94.086374,Street,4.82E+14,,,2/27/2016,Yes,
269,269,Jefferson,245,Dr. Mae Jones-Clark Elementary,3525 Cleveland St.,,Beaumont,TX,48,77703,,30.113758,-94.122136,Street,4.82E+14,,,2/27/2016,Yes,
270,270,Jefferson,245,Hamshire Community Building,12393 2nd St.,,Hamshire,TX,48,77622,,29.862004,-94.310408,Street,4.82E+14,,,2/27/2016,Yes,
271,271,Jefferson,245,Jefferson County Courthouse,1001 Pearl St.,,Beaumont,TX,48,77701,,30.07962,-94.094371,Street,4.82E+14,,,2/27/2016,Yes,
272,272,Jefferson,245,MLK MIddle School,1400 Avenue A,,Beaumont,TX,48,77701,,30.069192,-94.101031,Street,4.82E+14,,,2/27/2016,Yes,
273,273,Jefferson,245,John Paul Davis Community Center,3580 E. Lucas Dr.,,Beaumont,TX,48,77703,,30.124817,-94.136934,Street,4.82E+14,,,2/27/2016,Yes,
274,274,Jefferson,245,Precinct 4 Service Center,7780 Boyt Rd.,,Beaumont,TX,48,77713,,29.990647,-94.242792,Street,4.82E+14,,,2/27/2016,Yes,
275,275,Jefferson,245,Sterling Pruitt Center,2930 Gulf St.,,Beaumont,TX,48,77703,,30.106509,-94.112275,Street,4.82E+14,,,2/27/2016,Yes,
276,276,Jefferson,245,Theodore Johns Library,4255 Fannett Rd.,,Beaumont,TX,48,77705,,30.046034,-94.127813,Street,4.82E+14,,,2/27/2016,Yes,
277,277,Collin,85,Akin Elementary School,1100 Springwood,,Wylie,TX,48,75098,,33.008763,-96.521701,Street,4.81E+14,,,2/27/2016,Yes,
278,278,Collin,85,Aldridge Elementary School,720 Pleasant Valley,,Richardson,TX,48,75080,,32.994142,-96.730816,Street,4.81E+14,,,2/27/2016,Yes,
279,279,Collin,85,Allen Municipal Courts Facility,301 Century Pkwy,,Allen,TX,48,75013,,33.101774,-96.674336,Street,4.81E+14,,,2/27/2016,Yes,
280,280,Collin,85,Armstrong Middle School,3805 Timberline,,Plano,TX,48,75074,,33.021088,-96.659433,Street,4.81E+14,,,2/27/2016,Yes,
281,281,Collin,85,Blue Ridge ISD Administration,318 West School Street,,Blue Ridge,TX,48,75424,,33.304571,-96.403805,Street,4.81E+14,,,2/27/2016,Yes,
282,282,Collin,85,Bowman Middle School,2501 Jupiter Road,,Plano,TX,48,75074,,33.03123,-96.682174,Street,4.81E+14,,,2/27/2016,Yes,
283,283,Collin,85,Brinker Elementary School,3800 Clark Parkway,,Plano,TX,48,75093,,33.04864,-96.822725,Street,4.81E+14,,,2/27/2016,Yes,
284,284,Collin,85,Carpenter Middle School,3905 Rainier Road,,Plano,TX,48,75023,,33.050782,-96.721592,Street,4.81E+14,,,2/27/2016,Yes,
285,285,Collin,85,Carpenter Park Recreation Ctr,6701 Coit Road,,Plano,TX,48,75024,,33.06664,-96.770659,Street,4.81E+14,,,2/27/2016,Yes,
286,286,Collin,85,Celina ISD Administration Building,205 S. Colorado,,Celina,TX,48,75009,,33.322679,-96.788063,Street,4.81E+14,,,2/27/2016,Yes,
287,287,Collin,85,Christ the Servant Lutheran Church,821 S. Greenville ave.,,Allen,TX,48,75002,,33.085792,-96.672098,Street,4.81E+14,,,2/27/2016,Yes,
288,288,Collin,85,Christ United Methodist Church,3101 Coit Road,,Plano,TX,48,75075,,33.038698,-96.770221,Street,4.81E+14,,,2/27/2016,Yes,
289,289,Collin,85,Clark High School,523 W. Spring Creek Pkwy,,Plano,TX,48,75023,,33.05781,-96.702454,Street,4.81E+14,,,2/27/2016,Yes,
290,290,Collin,85,Clark Middle School,4600 Colby Dr.,,Frisco,TX,48,75035,,33.116258,-96.797059,Street,4.81E+14,,,2/27/2016,Yes,
291,291,Collin,85,Collin College - Central Park Campus,2200 W. University Dr,,McKinney,TX,48,75071,,33.217047,-96.640226,Street,4.81E+14,,,2/27/2016,Yes,
292,292,Collin,85,Collin College - Higher Education Center,3452 Spur 399,,McKinney,TX,48,75069,,33.14331,-96.62092,Zip9,4.81E+14,,,2/27/2016,Yes,
293,293,Collin,85,Collin College - Preston Ridge Campus,9700 Wade Blvd,,Frisco,TX,48,75035,,33.126639,-96.791717,Street,4.81E+14,,,2/27/2016,Yes,
294,294,Collin,85,Collin College - Spring Creek Campus,2800 E. Spring Creek Pkwy,,Plano,TX,48,75074,,33.050149,-96.673048,Street,4.81E+14,,,2/27/2016,Yes,
295,295,Collin,85,Collin County Elections Office,"2010 Redbud Blvd, Suite 102",,McKinney,TX,48,75069,,33.220716,-96.627971,Street,4.81E+14,,,2/27/2016,Yes,
296,296,Collin,85,Community ISD Technology & Conference Center,615 FM 1138,,Nevada,TX,48,75173,,33.062671,-96.365274,Street,4.81E+14,,,2/27/2016,Yes,
297,297,Collin,85,Curtis Middle School,1530 Rivercrest Blvd,,Allen,TX,48,75002,,33.107943,-96.630867,Street,4.81E+14,,,2/27/2016,Yes,
298,298,Collin,85,Davis Library,7501-B Independence Pkwy,,Plano,TX,48,75025,,33.078495,-96.750357,Street,4.81E+14,,,2/27/2016,Yes,
299,299,Collin,85,Dowell Middle School,301 S. East Ridge Road,,McKinney,TX,48,75070,,33.195004,-96.695846,Street,4.81E+14,,,2/27/2016,Yes,
300,300,Collin,85,Dr. Pepper Star Center at Craig Ranch,6993 Stars Ave.,,McKinney,TX,48,75070,,33.15147,-96.69765,Zip9,4.81E+14,,,2/27/2016,Yes,
301,301,Collin,85,Eldorado Country Club,2604 Country Club Drive,,McKinney,TX,48,75070,,33.173284,-96.650334,Street,4.81E+14,,,2/27/2016,Yes,
302,302,Collin,85,First Baptist Church - Branch,7011 FM 546,,Princeton,TX,48,75407,,33.103051,-96.516068,Street,4.81E+14,,,2/27/2016,Yes,
303,303,Collin,85,First Baptist Church Farmersville Youth Building,201 Farmersville Parkway,,Farmersville,TX,48,75442,,33.161443,-96.362692,Street,4.81E+14,,,2/27/2016,Yes,
304,304,Collin,85,Ford Middle School,630 Park Place Drive,,Allen,TX,48,75002,,33.09398,-96.657921,Street,4.81E+14,,,2/27/2016,Yes,
305,305,Collin,85,Fowler Middle School,3801 McDermott Road,,Plano,TX,48,75025,,33.101267,-96.76946,Street,4.81E+14,,,2/27/2016,Yes,
306,306,Collin,85,Frisco Senior Center,6670 Moore Street,,Frisco,TX,48,75034,,33.14699,-96.8331,Zip9,4.81E+14,,,2/27/2016,Yes,
307,307,Collin,85,Gay Library,6861 W. Eldorado Parkway,,McKinney,TX,48,75070,,33.173971,-96.705745,Street,4.81E+14,,,2/27/2016,Yes,
308,308,Collin,85,Haggar Elementary School,17820 Campbell Road,,Dallas,TX,48,75252,,32.994147,-96.806214,Street,4.81E+14,,,2/27/2016,Yes,
309,309,Collin,85,Harrington Library,1501 18th Street,,Plano,TX,48,75074,,33.023957,-96.693571,Street,4.81E+14,,,2/27/2016,Yes,
310,310,Collin,85,Heritage High School,14040 Eldorado Pkwy,,Frisco,TX,48,75035,,33.174123,-96.754775,Street,4.81E+14,,,2/27/2016,Yes,
311,311,Collin,85,Islamic Association of Collin County,6401 Independence Pkwy,,Plano,TX,48,75023,,33.059726,-96.750683,Street,4.81E+14,,,2/27/2016,Yes,
312,312,Collin,85,Lavon City Hall,120 School Road,,Lavon,TX,48,75173,,33.02621,-96.433353,Street,4.81E+14,,,2/27/2016,Yes,
313,313,Collin,85,Liberty High School,15250 Rolater Road,,Frisco,TX,48,75035,,33.137735,-96.733454,Street,4.81E+14,,,2/27/2016,Yes,
314,314,Collin,85,Loveyjoy ISD Administration Building,259 Country Club Rd,,Allen,TX,48,75002,,33.091315,-96.591057,Street,4.81E+14,,,2/27/2016,Yes,
315,315,Collin,85,Lowry Crossing City Hall,1405 S Bridgefarmer Road,,Lowry Crossing,TX,48,75069,,33.168471,-96.54692,Street,4.81E+14,,,2/27/2016,Yes,
316,316,Collin,85,Lucas Community Center,665 Country Club Rd,,Lucas,TX,48,75002,,33.085143,-96.584891,Street,4.81E+14,,,2/27/2016,Yes,
317,317,Collin,85,McKinney Fire Station #7,861 S. Independence Pkwy,,McKinney,TX,48,75070,,33.1778,-96.71642,Zip9,4.81E+14,,,2/27/2016,Yes,
318,318,Collin,85,McKinney Senior Recreation Center,1400 S College,,McKinney,TX,48,75069,,33.180187,-96.622247,Street,4.81E+14,,,2/27/2016,Yes,
319,319,Collin,85,Melissa City Hall,3411 Barker Ave,,Melissa,TX,48,75454,,33.292845,-96.572637,Street,4.81E+14,,,2/27/2016,Yes,
320,320,Collin,85,Mitchell Elementary School,4223 Briagrove,,Dallas,TX,48,75287,,32.992847,-96.836269,Street,4.81E+14,,,2/27/2016,Yes,
321,321,Collin,85,Murphy Community Center,205 N Murphy Road,,Murphy,TX,48,75094,,33.015568,-96.612966,Street,4.81E+14,,,2/27/2016,Yes,
322,322,Collin,85,Old Settlers Recreation Center,1201 E. Louisiana St,,McKinney,TX,48,75069,,33.196638,-96.603302,Street,4.81E+14,,,2/27/2016,Yes,
323,323,Collin,85,Parker City Hall,5700 E. Parker Road,,Parker,TX,48,75002,,33.055093,-96.621343,Street,4.81E+14,,,2/27/2016,Yes,
324,324,Collin,85,Parr Library,6200 Windhaven Pkwy,,Plano,TX,48,75093,,33.056392,-96.83532,Street,4.81E+14,,,2/27/2016,Yes,
325,325,Collin,85,Plano ISD Administration Center,2700 W. 15th Street,,Plano,TX,48,75075,,33.019063,-96.74647,Street,4.81E+14,,,2/27/2016,Yes,
326,326,Collin,85,Princeton High School,1000 E. Princeton Drive,,Princeton,TX,48,75407,,33.172464,-96.482923,Street,4.81E+14,,,2/27/2016,Yes,
327,327,Collin,85,Prosper ISD Administration Bldg,605 E. 7th Street,,Prosper,TX,48,75078,,33.239268,-96.795912,Street,4.81E+14,,,2/27/2016,Yes,
328,328,Collin,85,Renner Frankford Library,6400 Frankford Rd,,Dallas,TX,48,75252,,32.997901,-96.794563,Street,4.81E+14,,,2/27/2016,Yes,
329,329,Collin,85,Royse City ISD Mike McKinney Maintenance Center,1420 FM 1777,,Royse City,TX,48,75189,,33.048602,-96.308576,Street,4.81E+14,,,2/27/2016,Yes,
330,330,Collin,85,Shepton High School,5505 Plano Pkwy,,Plano,TX,48,75093,,33.016237,-96.811041,Street,4.81E+14,,,2/27/2016,Yes,
331,331,Collin,85,Shiloh Missionary Baptist Church,1310 Avenue I,,Plano,TX,48,75074,,33.02785,-96.6792,Zip5,4.81E+14,,,2/27/2016,Yes,
332,332,Collin,85,Smith Library,300 Country Club Rd,,Wylie,TX,48,75098,,33.011241,-96.572306,Street,4.81E+14,,,2/27/2016,Yes,
333,333,Collin,85,Staley Middle School,6927 Stadium Drive,,Frisco,TX,48,75033,,33.157281,-96.823713,Street,4.81E+14,,,2/27/2016,Yes,
334,334,Collin,85,Stonebridge United Methodist Church,1800 S Stonebridge Drive,,McKinney,TX,48,75070,,33.185524,-96.713062,Street,4.81E+14,,,2/27/2016,Yes,
335,335,Collin,85,Suncreek United Methodist Church,1517 W. McDermott,,Allen,TX,48,75013,,33.100573,-96.70813,Street,4.81E+14,,,2/27/2016,Yes,
336,336,Collin,85,Texas Star Bank,402 W. White St,,Anna,TX,48,75409,,33.344429,-96.552356,Street,4.81E+14,,,2/27/2016,Yes,
337,337,Collin,85,Weston Community Center,117 Main Street,,Weston,TX,48,75097,,33.34729,-96.66905,Zip5,4.81E+14,,,2/27/2016,Yes,
338,338,Collin,85,Whitt Elementary School,7520 Woodcreek Way,,Sachse,TX,48,75048,,32.99151,-96.58651,Zip9,4.81E+14,,,2/27/2016,Yes,
339,339,Collin,85,Woodcreek Church,3400 E Renner Road,,Richardson,TX,48,75082,,32.996828,-96.657424,Street,4.81E+14,,,2/27/2016,Yes,
340,340,Fort Bend,157,Austin Parkway Elementary School,4400 Austin Pkwy,,Sugarland,TX,48,77479,,29.575504,-95.584723,Street,4.82E+14,,,2/27/2016,Yes,
341,341,Fort Bend,157,Beasley City Hall,319 S. 3rd St,,Beasley,TX,48,77417,,29.495797,-95.91525,Street,4.82E+14,,,2/27/2016,Yes,
342,342,Fort Bend,157,Beck Jr. Hi. School,5200 S Fry Rd,,KATY,TX,48,77450,,29.720438,-95.751844,Street,4.82E+14,,,2/27/2016,Yes,
343,343,Fort Bend,157,Beckendorf Jr High School,8200 South Fry Rd.,,KATY,TX,48,77494,,29.719796,-95.787872,Street,4.82E+14,,,2/27/2016,Yes,
344,344,Fort Bend,157,Brazos Bend Home & Ranch,22930 FM 1462,,NEEDVILLE,TX,48,77461,,29.351771,-95.635836,Street,4.82E+14,,,2/27/2016,Yes,
345,345,Fort Bend,157,Briarchase Missionary Bapt Church,16000 Blue Ridge Rd,,MISSOURI CITY,TX,48,77489,,29.592155,-95.49249,Street,4.82E+14,,,2/27/2016,Yes,
346,346,Fort Bend,157,Brightwater Clubhouse,2410 Brightwater,,MISSOURI CITY,TX,48,77459,,29.583512,-95.571115,Street,4.82E+14,,,2/27/2016,Yes,
347,347,Fort Bend,157,Briscoe Junior High School,4300 FM 723,,RICHMOND,TX,48,77406,,29.62177,-95.811502,Street,4.82E+14,,,2/27/2016,Yes,
348,348,Jefferson,245,Calvary Baptist Church,4111 Airport Ave,,Beaumont,TX,48,77471,,29.542883,-95.784637,Street,4.82E+14,,,2/27/2016,Yes,
349,349,Fort Bend,157,Chasewood Clubhouse,7622 Chasewood Dr,,MISSOURI CITY,TX,48,77489,,29.60887,-95.502642,Street,4.82E+14,,,2/27/2016,Yes,
350,350,Fort Bend,157,Cindy's Palace,1102 FM 2977,,Richmond,TX,48,77469,,29.536666,-95.74611,Street,4.82E+14,,,2/27/2016,Yes,
351,351,Fort Bend,157,Clements High School,4200 Elkins Dr,,Sugarland,TX,48,77479,,29.574849,-95.631848,Street,4.82E+14,,,2/27/2016,Yes,
352,352,Fort Bend,157,Commonwealth Clubhouse,4330 Knightsbridge Blvd,,Sugarland,TX,48,77479,,29.560806,-95.602823,Street,4.82E+14,,,2/27/2016,Yes,
353,353,Fort Bend,157,Crockett Middle School,19001 Beechnut,,Richmond,TX,48,77469,,29.682664,-95.727099,Street,4.82E+14,,,2/27/2016,Yes,
354,354,Fort Bend,157,Deseo at Grand Mission,19002 Mission Park Dr,,Richmond,TX,48,77407,,29.69113,-95.73045,Zip9,4.82E+14,,,2/27/2016,Yes,
355,355,Fort Bend,157,Dickinson Elementary School,7110 Greatwood Pkwy,,Sugarland,TX,48,77479,,29.551152,-95.686349,Street,4.82E+14,,,2/27/2016,Yes,
356,356,Fort Bend,157,Elkins High School,7007 Knights Court,,Missouri City,TX,48,77459,,29.548429,-95.551036,Street,4.82E+14,,,2/27/2016,Yes,
357,357,Fort Bend,157,"FBC Fairgrounds Building ""D""",4310 Highway 36 S,,ROSENBERG,TX,48,77471,,29.51794,-95.808018,Street,4.82E+14,,,2/27/2016,Yes,
358,358,Fort Bend,157,FBC Library - Cinco Ranch,2620 Commercial Center Dr,,KATY,TX,48,77494,,29.742823,-95.777749,Street,4.82E+14,,,2/27/2016,Yes,
359,359,Fort Bend,157,FBC Library - Sienna,8411 Sienna Springs Blvd,,Missouri City,TX,48,77459,,29.531755,-95.538442,Street,4.82E+14,,,2/27/2016,Yes,
360,360,Fort Bend,157,FBC Library - Sugar Land Branch,5500 Eldridge,,Sugarland,TX,48,77478,,29.62214,-95.60758,Zip5,4.82E+14,,,2/27/2016,Yes,
361,361,Fort Bend,157,FBC Library - University Branch,14010 University Blvd,,Sugarland,TX,48,77479,,29.55323,-95.575291,Street,4.82E+14,,,2/27/2016,Yes,
362,362,Fort Bend,157,MUD 23 Admin. Building,1570 Rabb Road,,Fresno,TX,48,77545,,29.526284,-95.476193,Street,4.82E+14,,,2/27/2016,Yes,
363,363,Fort Bend,157,FBC Rosenberg Annex Building,4520 Reading Rd,,ROSENBERG,TX,48,77471,,29.565178,-95.778947,Street,4.82E+14,,,2/27/2016,Yes,
364,364,Fort Bend,157,Fellowship Church of Fort Bend,1110 Bamore Rd,,ROSENBERG,TX,48,77471,,29.555997,-95.819888,Street,4.82E+14,,,2/27/2016,Yes,
365,365,Fort Bend,157,Fifth Street Community Center,3110 Fifth Street,,Stafford,TX,48,77477,,29.599122,-95.554895,Street,4.82E+14,,,2/27/2016,Yes,
366,366,Fort Bend,157,First Colony Conference Center,3232 Austin Parkway,,Sugarland,TX,48,77479,,29.573525,-95.603708,Street,4.82E+14,,,2/27/2016,Yes,
367,367,Fort Bend,157,Four Corners Community Center,15700 Old Richmond Rd,,Sugarland,TX,48,77479,,29.665798,-95.657972,Street,4.82E+14,,,2/27/2016,Yes,
368,368,Fort Bend,157,Gallery Furniture,7227 W. Grand Pkwy S,,Richmond,TX,48,77407,,29.70423,-95.73128,Zip7,4.82E+14,,,2/27/2016,Yes,
369,369,Fort Bend,157,Garcia Middle School,18550 Old Richmond Rd,,Sugarland,TX,48,77478,,29.633477,-95.681485,Street,4.82E+14,,,2/27/2016,Yes,
370,370,Fort Bend,157,George Bush High School,6707 FM 1464,,Richmond,TX,48,77469,,29.704438,-95.688318,Street,4.82E+14,,,2/27/2016,Yes,
371,371,Fort Bend,157,George Memorial Library,1001 Golfview Dr,,Richmond,TX,48,77469,,29.564899,-95.757709,Street,4.82E+14,,,2/27/2016,Yes,
372,372,Fort Bend,157,Great Oaks Baptist Church,7101 FM 2759 Rd RICHMOND 77469,,Richmond,TX,48,77469,,29.536706,-95.69508,Street,4.82E+14,,,2/27/2016,Yes,
373,373,Fort Bend,157,Hightower High School,3333 Hurricane Lane,,Missouri City,TX,48,77459,,29.53291,-95.498941,Street,4.82E+14,,,2/27/2016,Yes,
374,374,Fort Bend,157,Hunters Glen Elementary School,8295 Independence Blvd,,Missouri City,TX,48,77459,,29.601588,-95.512535,Street,4.82E+14,,,2/27/2016,Yes,
375,375,Fort Bend,157,Imperial Park Recreation Center,234 Matlage Way,,Sugarland,TX,48,77478,,29.617107,-95.636897,Street,4.82E+14,,,2/27/2016,Yes,
376,376,Fort Bend,157,Irene Stern Community Center,6920 Katy-Fulshear Road,,Fulshear,TX,48,77441,,29.704729,-95.888645,Street,4.82E+14,,,2/27/2016,Yes,
377,377,Fort Bend,157,James Bowie Middle School,700 Plantation Dr,,Richmond,TX,48,77406,,29.625096,-95.717169,Street,4.82E+14,,,2/27/2016,Yes,
378,378,Fort Bend,157,Joy Lutheran Church,717 FM 359,,Richmond,TX,48,77406,,29.604897,-95.742904,Street,4.82E+14,,,2/27/2016,Yes,
379,379,Fort Bend,157,Kempner High School,14777 Voss Rd,,Sugarland,TX,48,77498,,29.644293,-95.63998,Street,4.82E+14,,,2/27/2016,Yes,
380,380,Fort Bend,157,Kendleton Church of God,619 FM 2919,,Kendleton,TX,48,77451,,29.44932,-95.99714,Zip5,4.82E+14,,,2/27/2016,Yes,
381,381,Fort Bend,157,Knights of Columbus (Needville),13631 Hwy 36,,NEEDVILLE,TX,48,77461,,29.395278,-95.83258,Street,4.82E+14,,,2/27/2016,Yes,
382,382,Fort Bend,157,Knights of Columbus (Sugar Land),702 Burney Rd,,Sugarland,TX,48,77478,,29.628463,-95.633499,Street,4.82E+14,,,2/27/2016,Yes,
383,383,Fort Bend,157,Lake Olympia Marina Clubhouse,180 Island Blvd,,Missouri City,TX,48,77479,,29.556749,-95.532534,Street,4.82E+14,,,2/27/2016,Yes,
384,384,Fort Bend,157,Lantern Lane Elementary School,3323 Mission Valley Dr,,Missouri City,TX,48,77459,,29.57031,-95.530395,Street,4.82E+14,,,2/27/2016,Yes,
385,385,Fort Bend,157,Lexington Creek Elementary School,2335 Dulles Ave,,Missouri City,TX,48,77459,,29.588879,-95.581349,Street,4.82E+14,,,2/27/2016,Yes,
386,386,Fort Bend,157,Lost Creek Community Center,3703 Lost Creek Blvd,,Sugarland,TX,48,77478,,29.595612,-95.589311,Extrapolate,4.82E+14,,,2/27/2016,Yes,
387,387,Fort Bend,157,McMeans Junior High School,21000 Westheimer Parkway,,KATY,TX,48,77450,,29.739355,-95.739686,Street,4.82E+14,,,2/27/2016,Yes,
388,388,Fort Bend,157,Meadows Place City Hall,One Troyan Dr,,Meadows Place,TX,48,77477,,29.648215,-95.578564,Street,4.82E+14,,,2/27/2016,Yes,
389,389,Fort Bend,157,Merrell Center,6301 S Stadium Ln,,KATY,TX,48,77492,,29.781043,-95.83042,Street,4.82E+14,,,2/27/2016,Yes,
390,390,Fort Bend,157,Mission Bend Elementary School,16200 Beechnut St,,Houston,TX,48,77483,,29.689037,-95.672,Street,4.82E+14,,,2/27/2016,Yes,
391,391,Fort Bend,157,Missouri City Baptist Church,16816 Quail Park Dr,,Missouri City,TX,48,77459,,29.58155,-95.518538,Street,4.82E+14,,,2/27/2016,Yes,
392,392,Fort Bend,157,Missouri City Old Municipal Court,1522 Texas Parkway,,Missouri City,TX,48,77489,,29.605818,-95.527118,Street,4.82E+14,,,2/27/2016,Yes,
393,393,Fort Bend,157,Missouri City Parks & Recreation,2701 Cypress Point Dr,,Missouri City,TX,48,77459,,29.579973,-95.543252,Street,4.82E+14,,,2/27/2016,Yes,
394,394,Travis,453,Bridge Point Elementary School,6401 Cedar St.,,Austin,TX,48,78746,,30.33952,-97.803937,,,,,,,
395,395,Travis,453,Cat Mountain Homeowners Association,6007 Mount Bonnell Rd.,,Austin,TX,48,78737,,30.348791,-97.779745,,,,,,,
396,396,Travis,453,Travis County Sheriff’s Office,3800 Hudson Bend Rd.,,Austin,TX,48,78734,,30.398046,-97.929022,,,,,,,
397,397,Travis,453,Cowan Elementary School,2817 Kentish Dr.,,Austin,TX,48,78748,,30.18863,-97.831372,,,,,,,
398,398,Travis,453,"Lago Vista City Hall",5803 Thunderbird St.,,Lago Vista,TX,48,78645,,30.453819,-97.986968,,,,,,,
399,399,Travis,453,"Science & Health Resource Center",305 North Bluff Dr.,,Austin,TX,48,78745,,30.197331,-97.77477,,,,,,,
400,400,Travis,453,"Parker Lane United Methodist Church",2105 Parker Ln.,,Austin,TX,48,78741,,30.233749,-97.735833,,,,,,,
401,401,Travis,453,Southwest Church of Christ,8900 Manchaca Rd.,,Austin,TX,48,78748,,30.183038,-97.818318,,,,,,,
402,402,Travis,453,"Cantu/Pan Am Recreation Center",2100 East 3rd St.,,Austin,TX,48,78702,,30.258001,-97.720842,,,,,,,
403,403,Travis,453, Southeast Branch Library,5803 Nuckols Crossing Rd.,,Austin,TX,48,78744,,30.187318,-97.742413,,,,,,,
404,404,Travis,453,"Odom Elem. School",1010 Turtle Creek Blvd.,,Austin,TX,48,78745,,30.205356,-97.789563,,,,,,,
405,405,Travis,453,Langford Elementary School,2206 Blue Meadow Dr.,,Austin,TX,48,78744,,30.181589,-97.763857,,,,,,,
406,406,Travis,453,Randalls Ben White and Manchaca,2025 West Ben White Blvd.,,Austin,TX,48,78704,,30.230087,-97.789789,,,,,,,
407,407,Travis,453,Wheatsville Food Co-op South Lamar,4001 South Lamar Blvd.,,Austin,TX,48,78704,,30.235311,-97.793501,,,,,,,
408,408,Fort Bend,157,Beck Jr. Hi. School ,5200 S Fry Rd ,,KATY,TX,48,77450,,29.720438,-95.751844,,,,,,,
409,409,Fort Bend,157,Beckendorf Jr High School ,8200 South Fry Rd.,,KATY,TX,48,77494,,29.719796,-95.787872,,,,,,,
410,410,Fort Bend,157,Briarchase Missionary Bapt Church ,16000 Blue Ridge Rd ,,MISSOURI CITY ,TX,48,77489,,29.592155,-95.49249,,,,,,,
411,411,Fort Bend,157,Brightwater Clubhouse ,2410 Brightwater ,,MISSOURI CITY ,TX,48,77459,,29.583512,-95.571115,,,,,,,
412,412,Fort Bend,157,Briscoe Junior High School ,4300 FM 723,,RICHMOND,TX,48,77406,,29.62177,-95.811502,,,,,,,
413,413,Fort Bend,157,Chasewood Clubhouse ,7622 Chasewood Dr ,,MISSOURI CITY,TX,48,77489,,29.60887,-95.502642,,,,,,,
414,414,Fort Bend,157,Clements High School ,4200 Elkins Dr,,Sugarland,TX,48,77479,,29.574849,-95.631848,,,,,,,
415,415,Fort Bend,157,Commonwealth Clubhouse ,4330 Knightsbridge Blvd,,Sugarland,TX,48,77479,,29.560806,-95.602823,,,,,,,
416,416,Fort Bend,157,Dickinson Elementary School ,7110 Greatwood Pkwy,,Sugarland,TX,48,77479,,29.551152,-95.686349,,,,,,,
417,417,Fort Bend,157,Elkins High School ,7007 Knights Court,,Missouri City,TX,48,77459,,29.548429,-95.551036,,,,,,,
418,418,Lubbock,303,Abernathy City Hall,811 Avenue D,,Lubbock,TX,48,79401,,33.588143,-101.839779,,,,,,,
419,419,Lubbock,303,Bacon Heights Baptist Church,5110 54th St,,Lubbock,TX,48,79414,,33.545296,-101.921274,,,,,,,
420,420,Lubbock,303,Broadview Baptist Church,1302 N Frankford Ave,,Lubbock,TX,48,79416,,33.610704,-101.939654,,,,,,,
421,421,Lubbock,303,Byron Martin ATC,3201 Avenue Q,,Lubbock,TX,48,79411,,33.56527,-101.855075,,,,,,,
422,422,Lubbock,303,Casey Administration Building,501 7th St,,Wolfforth,TX,48,79382,,33.503333,-102.012909,,,,,,,
423,423,Lubbock,303,Catholic Diocese of Lubbock,4620 4th St,,Lubbock,TX,48,79416,,33.592467,-101.911518,,,,,,,
424,424,Lubbock,303,Cavazos Middle School,210 N University Ave,,Lubbock,TX,48,79415,,33.6005,-101.870205,,,,,,,
425,425,Lubbock,303,Celebration Christian Center,8001 Upland Ave,,Lubbock,TX,48,79424,,33.52144,-101.974196,,,,,,,
426,426,Lubbock,303,Church on the Rock,10503 Slide Rd,,Lubbock,TX,48,79424,,33.501114,-101.92217,,,,,,,
427,427,Lubbock,303,Elks Lodge No. 1348,3409 Milwaukee Ave,,Lubbock,TX,48,79407,,33.563231,-101.956701,,,,,,,
428,428,Lubbock,303,First Assembly of God Church,3801 98th St,,Lubbock,TX,48,79423,,33.505123,-101.89677,,,,,,,
429,429,Lubbock,303,Green Lawn Church of Christ,5701 19th St,,Lubbock,TX,48,79407,,33.577683,-101.935595,,,,,,,
430,430,Lubbock,303,Harwell Elementary School,4104 Ave D,,Lubbock,TX,48,79404,,33.556941,-101.840204,,,,,,,
431,431,Lubbock,303,Hodges Community Center,4011 University Ave,,Lubbock,TX,48,79413,,33.557801,-101.870234,,,,,,,
432,432,Lubbock,303,Idalou Clubhouse,202 W 7th St,,Idalou,TX,48,79329,,33.660092,-101.674216,,,,,,,
433,433,Lubbock,303,Lone Star State Bank,6220 Milwaukee Ave,,Lubbock,TX,48,79424,,33.537571,-101.957225,,,,,,,
434,434,Lubbock,303,Lubbock-Cooper Performing Arts Center ,16302 Texas 493 Loop,,Lubbock,TX,48,79423,,33.445821,-101.843025,,,,,,,
435,435,Lubbock,303,Lubbock-Cooper North Elementary School,3202 108th St,,Lubbock,TX,48,79423,,33.496385,-101.887532,,,,,,,
436,436,Lubbock,303,Mae Simmons Community Center,2004 Oak Ave,,Lubbock,TX,48,79404,,33.578564,-101.820508,,,,,,,
437,437,Lubbock,303,Mattress Firm,6707 Slide Rd,,Lubbock,TX,48,79424,,33.533459,-101.922209,,,,,,,
438,438,Lubbock,303,New Deal Community Clubhouse,309 S Monroe Ave,,New Deal,TX,48,79350,,33.73739,-101.83725,,,,,,,
439,439,Lubbock,303,Parsons Elementary,2811 58th St,,Lubbock,TX,48,79413,,33.541074,-101.876389,,,,,,,
440,440,Lubbock,303,Patterson Library,1836 Parkway Dr,,Lubbock,TX,48,79403,,33.593342,-101.816436,,,,,,,
441,441,Lubbock,303,"Plains Capital Bank, Governor’s Room",5010 University Ave,,Lubbock,TX,48,79413,,33.548681,-101.870664,,,,,,,
442,442,Lubbock,303,Ramirez Charter School,702 Avenue T,,Lubbock,TX,48,79401,,33.589203,-101.859975,,,,,,,
443,443,Lubbock,303,Roberts Elementary School,7901 Avenue P,,Lubbock,TX,48,79423,,33.522858,-101.852856,,,,,,,
444,444,Lubbock,303,Roosevelt Clubhouse,1400 CR 3300,,Lubbock,TX,48,79403,,33.611234,-101.679525,,,,,,,
445,445,Lubbock,303,Roscoe Wilson Elementary School,2807 25th St,,Lubbock,TX,48,79410,,33.571462,-101.87648,,,,,,,
446,446,Lubbock,303,Shallowater Community Center,902 Avenue H,,Shallowater,TX,48,79363,,33.691055,-101.997019,,,,,,,
447,447,Lubbock,303,Slaton ISD Administration Office,140 E Panhandle,,Slaton,TX,48,79364,,33.436581,-101.64153,,,,,,,
448,448,Lubbock,303,South Plains Church of Christ,6802 Elkhart Ave,,Lubbock,TX,48,79424,,33.5333,-101.935535,,,,,,,
449,449,Lubbock,303,St Joseph Catholic Church,102 N Avenue P,,Lubbock,TX,48,79401,,33.597905,-101.853026,,,,,,,
450,450,Lubbock,303,"Sunset Church of Christ, The Well",3651 34th St,,Lubbock,TX,48,79410,,33.563178,-101.893161,,,,,,,
451,451,Lubbock,303,Sutherlands,3701 50th St,,Lubbock,TX,48,79413,,33.548653,-101.894415,,,,,,,
452,452,Lubbock,303,Terra Vista Middle School,1111 Upland Ave,,Lubbock,TX,48,79416,,33.58555,-101.974274,,,,,,,
453,453,Lubbock,303,Texas Tech University Library,18th and Boston,,Lubbock,TX,48,79409,,33.58373,-101.87356,,,,,,,
454,454,Lubbock,303,Wright Elementary School,1302 Adrian St,,Lubbock,TX,48,79403,,33.625727,-101.848844,,,,,,,
455,455,Brazos,41,Arena Hall,2906 Tabor Rd Tabor Road & N. Earl Rudder Freeway,,Bryan,TX,48,77803,,30.6807,-96.37739,,,,,,,
456,456,Brazos,41,Beacon Baptist Church,2001 East Villa Maria Road,,Bryan,TX,48,77802,,30.653078,-96.348062,,,,,,,
457,457,Brazos,41,Brazos County Administration Building,200 South Texas Avenue,,Bryan,TX,48,77803,,30.67245,-96.370428,,,,,,,
458,458,Brazos,41,Church of Nazarene,212 E. William J Bryan Pkwy,,Bryan,TX,48,77803,,30.67433,-96.371785,,,,,,,
459,459,Brazos,41,College Heights Assembly of God,4100 Old College Rd,,Bryan,TX,48,77801,,30.629835,-96.354786,,,,,,,
460,460,Brazos,41,College Station City Hall,1101 Texas Avenue,,College Station,TX,48,77840,,30.621428,-96.326882,,,,,,,
461,461,Brazos,41,College Station ISD Admin. Building,1812 Welsh,,College Station,TX,48,77840,,30.593194,-96.321448,,,,,,,
462,462,Brazos,41,Fellowship Freewill Baptist Church,1228 W. Villa Maria,,Bryan,TX,48,77801,,30.632841,-96.373283,,,,,,,
463,463,Brazos,41,First Baptist Church - Bryan,3100 Cambridge Drive,,Bryan,TX,48,77802,,30.656667,-96.326729,,,,,,,
464,464,Brazos,41,Galilee Baptist Church,804 N. Logan,,Bryan,TX,48,77803,,30.681143,-96.377515,,,,,,,
465,465,Brazos,41,Living Hope Baptist Church,4170 State Highway 6 South,,College Station,TX,48,77845,,30.568981,-96.270603,,,,,,,
466,466,Brazos,41,Millican Community Center,22284 Pierce Street,,Millican,TX,48,77868,,30.468404,-96.202577,,,,,,,
467,467,Brazos,41,Momentum Church,1216 Beck St.,,Bryan,TX,48,77803,,30.665223,-96.379091,,,,,,,
468,468,Brazos,41,Siegert Center - Smetana,1830 Smetana Road,,Bryan,TX,48,77807,,30.653668,-96.454927,,,,,,,
469,469,Brazos,41,The Brazos Center,3232 Briarcrest Dr.,,Bryan,TX,48,77802,,30.667006,-96.321811,,,,,,,
470,470,Brazos,41,Wellborn Community Center,4119 W. Greens Prairie Road,,College Station,TX,48,77845,,30.533466,-96.298839,,,,,,,
471,471,Brazos,41,Zion Church of Kurten,977 N. FM 2038,,Kurten,TX,48,77808,,30.788442,-96.266572,,,,,,,
472,472,Tom Green,451,Angelo Bible Church,3506 Sherwood Way,,San Angelo,TX,48,76901,,31.443356,-100.483615,,,,,,,
473,473,Tom Green,451,Belmore Baptist church,1214 South Bell,,San Angelo,TX,48,76903,,31.44662,-100.413139,,,,,,,
474,474,Tom Green,451,Christoval Community Ctr.,20022 Main,,Christoval,TX,48,76935,,31.196634,-100.501636,,,,,,,
475,475,Tom Green,451,Community Medical Center,3501 Knickerbocker Rd.,,San Angelo,TX,48,76904,,31.422425,-100.467247,,,,,,,
476,476,Tom Green,451,Concho Valley Transit District (bus depot),510 North Chadborne,,San Angelo,TX,48,76903,,31.46875,-100.440594,,,,,,,
477,477,Tom Green,451,SAF (First Assembly of God Church),1442 Edmund Blvd.,,San Angelo,TX,48,76901,,31.480411,-100.468284,,,,,,,
478,478,Tom Green,451,Grape Creek ISD Admin Bldg,8207 US Hwy 87 N.,,San Angelo,TX,48,76901,,31.560394,-100.550601,,,,,,,
479,479,Tom Green,451,Keating Paint and Body ,5050 North Chadbourne,,San Angelo,TX,48,76903,,31.511979,-100.472453,,,,,,,
480,480,Tom Green,451,Paulann Baptist Church,2531 Smith Blvd.,,San Angelo,TX,48,76905,,31.502407,-100.374303,,,,,,,
481,481,Tom Green,451,Plaza del Sol apartments,4305 Oak Grove Blvd.,,San Angelo,TX,48,76904,,31.425072,-100.500271,,,,,,,
482,482,Tom Green,451,S A Housing Authority (Public Housing),420 East 28th St.,,San Angelo,TX,48,76903,,31.492532,-100.442854,,,,,,,
483,483,Tom Green,451,St. Ambrose Catholic Church,8602 Loop 570 Wall,,Wall,TX,48,76957,,31.37293,-100.23688,,,,,,,
484,484,Tom Green,451,St. Paul Presbyterian Church,11 North Park Ave.,,San Angelo,TX,48,76901,,31.458754,-100.451853,,,,,,,
485,485,Tom Green,451,Segunda Iglesia Buatista Church,530 W. Ave. T,,San Angelo,TX,48,76903,,31.436706,-100.442472,,,,,,,
486,486,Tom Green,451,TXDOT,4502 Knickerbocker Rd. Bldg. E,,San Angelo,TX,48,76904,,31.413251,-100.475059,,,,,,,
487,487,Tom Green,451,Veribest Baptist Church,50 FM 2334,,Veribest,TX,48,76886,,31.47651,-100.25995,,,,,,,
488,488,Tom Green,451,Wesley Trinity United Methodist Ch.,301 West 18th,,San Angelo,TX,48,76903,,31.476524,-100.450957,,,,,,,
489,489,Tom Green,451,West Texas Rehab Conference Ctr.,1925 University Ave.,,San Angelo,TX,48,76904,,31.433598,-100.458174,,,,,,,
490,490,Tom Green,451,Southgate Church of Christ,528 Country Club Rd.,,San Angelo,TX,48,76904,,31.392188,-100.434322,,,,,,,
491,491,McClennan,309,Axtell School Ath. Meeting Room,312 W. Seley,,Axtell,TX,48,76624,,31.659535,-96.966091,,,,,,,
492,492,McClennan,309,Bellmead Civic Center,3900 Parrish St.,,Waco,TX,48,76705,,31.597936,-97.097249,,,,,,,
493,493,McClennan,309,Brazos Meadows Baptist Church,625 S. Hewitt Drive,,Hewitt,TX,48,76643,,31.455862,-97.200778,,,,,,,
494,494,McClennan,309,Bruceville-Eddy Isd Special Events Center,1 Eagle Drive,,Eddy,TX,48,76524,,31.312252,-97.242376,,,,,,,
495,495,McClennan,309,Central Christian Church,4901 Lake Shore Drive,,Waco,TX,48,76710,,31.556865,-97.200427,,,,,,,
496,496,McClennan,309,Cesar Chavez Middle School,700 S. 15th Street,,Waco,TX,48,76706,,31.543994,-97.135045,,,,,,,
497,497,McClennan,309,Chalk Bluff Baptist Church,5993 Gholson Road,,Waco,TX,48,76705,,31.644762,-97.143063,,,,,,,
498,498,McClennan,309,China Spring Intermediate School,4001 Flat Rock Rd.,,Waco,TX,48,76708,,31.620453,-97.237116,,,,,,,
499,499,McClennan,309,Crawford High School,200 Pirate Drive,,Crawford,TX,48,76638,,31.532105,-97.450332,,,,,,,
500,500,McClennan,309,Fellowship Bible Church,5200 Speegleville Rd.,,McGregor,TX,48,76657,,31.486661,-97.291911,,,,,,,
501,501,McClennan,309,First Assembly Of God Church,6701 Bosque Blvd.,,Waco,TX,48,76710,,31.527411,-97.204076,,,,,,,
502,502,McClennan,309,G.W. Carver Middle School,1601 J. J. Flewellen Road,,Waco,TX,48,76704,,31.579084,-97.130463,,,,,,,
503,503,McClennan,309,Hewitt First Baptist Church,301 S. 1st Street,,Hewitt,TX,48,76643,,31.460214,-97.194651,,,,,,,
504,504,McClennan,309,H.W. Isbill Junior High,305 W. Van Buren St.,,McGregor,TX,48,76657,,31.436903,-97.411736,,,,,,,
505,505,McClennan,309,Lacy Lakeview Civic Center,505 E. Craven Ave.,,Waco,TX,48,76705,,31.623864,-97.102884,,,,,,,
506,506,McClennan,309,Lorena City Hall,107-A S. Frontage Road,,Lorena,TX,48,76655,,31.383909,-97.212515,,,,,,,
507,507,McClennan,309,Mart Community Center,804 E. Bowie Ave.,,Mart,TX,48,76664,,31.539779,-96.826211,,,,,,,
508,508,McClennan,309,Mcc Conference Center,4601 N. 19th Street,,Waco,TX,48,76708,,31.588546,-97.180883,,,,,,,
509,509,McClennan,309,Mhmr Center For Dev. Services,3420 W. Waco Drive,,Waco,TX,48,76710,,31.535522,-97.162044,,,,,,,
510,510,McClennan,309,Moody First United Methodist Church,500 6th St.,,Moody,TX,48,76657,,31.308346,-97.356572,,,,,,,
511,511,McClennan,309,Riesel Isd Administration Building,600 Frederick Street,,Riesel,TX,48,76682,,31.476901,-96.916466,,,,,,,
512,512,McClennan,309,Robinson Community Center,106 W. Lyndale,,Robinson,TX,48,76706,,31.468592,-97.115559,,,,,,,
513,513,McClennan,309,South Waco Library,2737 S. 18th Street,,Waco,TX,48,76706,,31.525378,-97.118675,,,,,,,
514,514,McClennan,309,Speegleville Baptist Church,469 Speegle Road,,Waco,TX,48,76712,,31.55051,-97.281334,,,,,,,
515,515,McClennan,309,Tennyson Middle School,6100 Tennyson Drive,,Waco,TX,48,76710,,31.525395,-97.195453,,,,,,,
516,516,McClennan,309,University High School,3201 S. New Road,,Waco,TX,48,76706,,31.505769,-97.136995,,,,,,,
517,517,McClennan,309,Waco Convention Center,100 Washington Ave.,,Waco,TX,48,76701,,31.560769,-97.129081,,,,,,,
518,518,McClennan,309,Waco High School (Performing Arts Center),2020 N. 42nd St.,,Waco,TX,48,76710,,31.544048,-97.184962,,,,,,,
519,519,McClennan,309,Waco Multi-Purpose Community Center,1020 Elm Street,,Waco,TX,48,76704,,31.5699,-97.120542,,,,,,,
520,520,McClennan,309,West Community Center,200 Tokio Road,,West,TX,48,76691,,31.791458,-97.095698,,,,,,,
521,521,McClennan,309,Woodway First Baptist Church,13000 Woodway Drive,,Woodway,TX,48,76712,,31.488302,-97.238846,,,,,,,
522,522,Randall,381,The Cowboy Church,8827 S.Washington,,Amarillo,TX,48,79118,,35.106247,-101.848146,,,,,,,
523,523,Randall,381,Comanche Trail Church of Christ,2700 E. 34th,,Amarillo,TX,48,79103,,35.178313,-101.805516,,,,,,,
524,524,Randall,381,Randall County Justice Center,2309 Russell Long Blvd,,Canyon,TX,48,79015,,34.984926,-101.916987,,,,,,,
525,525,Randall,381,Southwest Church of Christ,4515  Cornell,,Amarillo,TX,48,79109,,35.160136,-101.897567,,,,,,,
526,526,Randall,381,Redeemer Christian Church,3701 S. Soncy,,Amarillo,TX,48,79121,,35.173028,-101.937963,,,,,,,
527,527,Randall,381,Region 16 Education Center,5800 Bell Street,,Amarillo,TX,48,79109,,35.147912,-101.902198,,,,,,,
528,528,Randall,381,Randall County Fire Department # 2,9451 FM 2186,,Amarillo,TX,48,79119,,35.116937,-101.943802,,,,,,,
529,529,Randall,381,Arden Road Baptist,6701 Arden Road,,Amarillo,TX,48,79109,,35.131733,-101.91237,,,,,,,
530,530,Randall,381,Central Baptist Church,1601SW 58th,,Amarillo,TX,48,79110,,35.149213,-101.853638,,,,,,,
531,531,Randall,381,Paramount Baptist Church,4100 Kristee,,Amarillo,TX,48,79109,,35.171589,-101.882487,,,,,,,
532,532,Randall,381,Oasis Southwest Baptist,8201 Canyon Drive,,Amarillo,TX,48,79110,,35.122467,-101.905618,,,,,,,
533,533,Randall,381,Randall County Annex,4111S. Georgia,,Amarillo,TX,48,79110,,35.17105,-101.866022,,,,,,,
534,534,Randall,381,The Summit 2008,12th Avenue,,Canyon,TX,48,79015,,34.98913,-101.92427,,,,,,,
535,535,Randall,381,Coulter Road Baptist Church,4108 S. Coulter,,Amarillo,TX,48,79109,,35.168547,-101.920388,,,,,,,
536,536,Taylor,441,Abilene City Hall,555 Walnut Street,,Abilene,TX,48,79601,,32.454215,-99.731099,,,,,,,
537,537,Taylor,441,Buffalo Gap City Hall,709 Litel Street,,Buffalo Gap,TX,48,79508,,32.279084,-99.82997,,,,,,,
538,538,Taylor,441,Church of Christ – So. 11th & Willis,3333 South 11th Street,,Abilene,TX,48,79605,,32.437327,-99.76484,,,,,,,
539,539,Taylor,441,Elm Valley Community Church,142 CR 675,,Tuscola,TX,48,79562,,32.256188,-99.991577,,,,,,,
540,540,Taylor,441,First Baptist Church – Tuscola,632 Kent Street,,Tuscola,TX,48,79562,,32.210221,-99.796631,,,,,,,
541,541,Taylor,441,Hillcrest Church of Christ,650 E. Ambler Avenue,,Abilene,TX,48,79601,,32.474727,-99.71496,,,,,,,
542,542,Taylor,441,Kmart,565 South 1st Street,,Abilene,TX,48,79605,,32.4481,-99.728879,,,,,,,
543,543,Taylor,441,Lawn Baptist Church,518 Avenue D,,Lawn,TX,48,79530,,32.136187,-99.750949,,,,,,,
544,544,Taylor,441,Lytle South Baptist Church,1125 E. Industrial Blvd,,Abilene,TX,48,79602,,32.401303,-99.70577,,,,,,,
545,545,Taylor,441,Merkel Middle School Gym (South 3rd & Ash Street),302 Ash St,,Merkel,TX,48,79536,,32.467265,-100.016636,,,,,,,
546,546,Taylor,441,New Beginnings United Pentecostal Church River of Life Church,5535 Buffalo Gap Rd,,Abilene,TX,48,79606,,32.381347,-99.770276,,,,,,,
547,547,Taylor,441,River of Life Church,539 US-83,,Abilene,TX,48,79606,,32.330321,-99.747788,,,,,,,
548,548,Taylor,441,Sears Park Recreation Center,2250 Ambler Ave,,Abilene,TX,48,79603,,32.474577,-99.748863,,,,,,,
549,549,Taylor,441,Southern Hills Church of Christ,3666 Buffalo Gap Rd.,,Abilene,TX,48,79605,,32.407094,-99.755809,,,,,,,
550,550,Taylor,441,Taylor County Plaza,400 Oak Street,,Abilene,TX,48,79602,,32.445319,-99.732976,,,,,,,
551,551,Taylor,441,Thomas Elementary School,1240 Lakeside Drive,,Abilene,TX,48,79605,,32.434135,-99.71683,,,,,,,
552,552,Taylor,441,Trinity Baptist Church,3100 State Street,,Abilene,TX,48,79603,,32.459207,-99.759225,,,,,,,
553,553,Taylor,441,View Baptist Church,250 Boynton Road,,Abilene,TX,48,79606,,32.343639,-99.888315,,,,,,,
554,554,Taylor,441,Westminster Presbyterian Church,4515 South 14th Street,,Abilene,TX,48,79605,,32.431423,-99.780376,,,,,,,
555,555,Taylor,441,Zion Lutheran Church,2801 Antilley Road,,Abilene,TX,48,79606,,32.372432,-99.755367,,,,,,,
556,556,Midland,329,Annex Courtroom,2110 North A,,Midland,TX,48,79705,,32.018776,-102.088678,,,,,,,
557,557,Midland,329,Centennial Library,2503 W. Loop 250 N.,,Midland,TX,48,79705,,32.036403,-102.116885,,,,,,,
558,558,Midland,329,Cogdell Learning Center,211 W. Florida,,Midland,TX,48,79701,,31.988991,-102.075485,,,,,,,
559,559,Midland,329,Cotton Flat Baptist Church,6409 S. Highway 349,,Midland,TX,48,79706,,31.922625,-102.057909,,,,,,,
560,560,Midland,329,Downtown Library,301 W. Missouri,,Midland,TX,48,79701,,31.996273,-102.076797,,,,,,,
561,561,Midland,329,Fairmont Park Church Of Christ,3813 N. Midland Dr.,,Midland,TX,48,79707,,32.021836,-102.14353,,,,,,,
562,562,Midland,329,Fellowship Community Church,5206 N. Midland Dr.,,Midland,TX,48,79707,,32.038872,-102.148721,,,,,,,
563,563,Midland,329,Golf Course Church Of Christ,3500 W. Golf Course,,Midland,TX,48,79703,,32.004763,-102.12508,,,,,,,
564,564,Midland,329,Greater Ideal Life Center,301 S. Tyler,,Midland,TX,48,79701,,31.996232,-102.061136,,,,,,,
565,565,Midland,329,Greenwood Baptist Church,10908 Fm 307,,Midland,TX,48,79706,,32.027285,-101.89715,,,,,,,
566,566,Midland,329,Manor Park,5212 Sinclair,,Midland,TX,48,79707,,32.002308,-102.149386,,,,,,,
567,567,Midland,329,"MLK, Jr Community Center",2300 Butternut,,Midland,TX,48,79705,,32.023228,-102.065888,,,,,,,
568,568,Midland,329,Odessa Country Club,#1 Fairway,,Odessa,TX,48,79765,,31.897182,-102.283281,,,,,,,
569,569,Midland,329,Palmer Drug (PDAP),1208 W. Wall,,Midland,TX,48,79701,,31.996363,-102.086946,,,,,,,
570,570,Midland,329,St. Paul'S Methodist Church,4501 Thomason,,Midland,TX,48,79703,,31.980705,-102.132402,,,,,,,
571,571,Midland,329,Stonegate Fellowship,6000 W. Wadley,,Midland,TX,48,79707,,32.010522,-102.168497,,,,,,,
572,572,Grayson,181,Bells City Hall,203 S. Broadway,,Bells,TX,48,75414,,33.608,-96.409562,,,,,,,
573,573,Grayson,181,Collinsville Community Building,117 N. Main,,Collinsville,TX,48,76233,,33.560509,-96.911094,,,,,,,
574,574,Grayson,181,Grayson College-Denison,6101 Grayson Dr.,,Denison,TX,48,75020,,33.703963,-96.633232,,,,,,,
575,575,Grayson,181,Grayson County Sub-Courthouse,101 W. Woodard,,Denison,TX,48,75021,,33.756397,-96.535231,,,,,,,
576,576,Grayson,181,Parkside Baptist Church,301 N. Lillis Lane,,Denison,TX,48,75020,,33.759355,-96.581215,,,,,,,
577,577,Grayson,181,Southside Baptist Church,3500 S. Park,,Denison,TX,48,75020,,33.722712,-96.569013,,,,,,,
578,578,Grayson,181,Faith Baptist Church,31647 Hwy. 377 N.,,Gordonville,TX,48,76245,,33.844579,-96.836373,,,,,,,
579,579,Grayson,181,First Baptist Church,99 Gentle Creek Lane,,Gunter,TX,48,75058,,33.473894,-96.736016,,,,,,,
580,580,Grayson,181,Howe Community Center,700 W. Hanning,,Howe,TX,48,75459,,33.506902,-96.619589,,,,,,,
581,581,Grayson,181,Pottsboro ISD Administration Bldg,105 Cardinal Lane,,Pottsboro,TX,48,75076,,33.762835,-96.662805,,,,,,,
582,582,Grayson,181,Sadler Community Building,105 N. Main,,Sadler,TX,48,76264,,33.683468,-96.848254,,,,,,,
583,583,Grayson,181,East Sherman Baptist Church,910 E. King,,Sherman,TX,48,75090,,33.63374,-96.597544,,,,,,,
584,584,Grayson,181,Election Administration Building,115 W. Houston,,Sherman,TX,48,75090,,33.636648,-96.609487,,,,,,,
585,585,Grayson,181,Faith Church,1800 N. FM 1417,,Sherman,TX,48,75092,,33.651491,-96.642119,,,,,,,
586,586,Grayson,181,Luella First Baptist Church,3162 Hwy. 11,,Sherman,TX,48,75090,,33.57085,-96.549292,,,,,,,
587,587,Grayson,181,Municipal Building,405 N. Rusk,,Sherman,TX,48,75090,,33.639222,-96.614229,,,,,,,
588,588,Grayson,181,Texoma Council of Governments,1117 Gallagher Dr.,,Sherman,TX,48,75090,,33.672937,-96.602335,,,,,,,
589,589,Grayson,181,United Way of Grayson County,713 E. Brockett,,Sherman,TX,48,75090,,33.64414,-96.603197,,,,,,,
590,590,Grayson,181,Tioga Fire Dept. Meeting Room,601 E. Main St.,,Tioga,TX,48,76271,,33.467418,-96.913578,,,,,,,
591,591,Grayson,181,First National Bank-Tom Bean,109 S. Britton,,Tom Bean,TX,48,75489,,33.521199,-96.484482,,,,,,,
592,592,Grayson,181,Grayson College-Van Alstyne,1455 W. Van Alstyne Pkwy.,,Van Alstyne,TX,48,75495,,33.43626,-96.61706,,,,,,,
593,593,Grayson,181,Whitesboro City Hall,111 W. Main,,Whitesboro,TX,48,76273,,33.655941,-96.906942,,,,,,,
594,594,Grayson,181,Whitewright City Hall,206 W. Grand,,Whitewright,TX,48,75491,,33.512918,-96.394221,,,,,,,
595,595,Ector,135,Crossroads Fellowship Iglesia Crossroads,6901Texas 191 Frontage Rd.,,Odessa,TX,48,79762,,31.907158,-102.303381,,,,,,,
596,596,Ector,135,Ector County Coliseum El Coliseo de Ector,4201 Andrews Hwy.,,Odessa,TX,48,79762,,31.882357,-102.385043,,,,,,,
597,597,Ector,135,First Baptist Church Primera Iglesia Bautista,709 N. Lee St.,,Odessa,TX,48,79761,,31.849623,-102.372104,,,,,,,
598,598,Ector,135,First Church of the Nazarene Primera Iglesia de Nazareno,2223 Lyndale Dr.,,Odessa,TX,48,79762,,31.895284,-102.354499,,,,,,,
599,599,Ector,135,Gardendale Community Bldg. Edificio Comunitario de Gardendale,4226 E. Larkspur,,Gardendale,TX,48,79758,,32.023503,-102.380952,,,,,,,
600,600,Ector,135,Getsemani Church Iglesia Getsemani,822 E. Glenn St.,,Odessa,TX,48,79766,,31.752688,-102.353026,,,,,,,
601,601,Ector,135,Goldsmith Community Center Edificio Comunitario de Goldsmith,301 Phillips Plant Rd.,,Goldsmith,TX,48,79741,,31.98083,-102.61517,,,,,,,
602,602,Ector,135,Holy Redeemer Catholic Church Iglesia Cat61ica Holy Redeemer,2633 Conover Ave.,,Odessa,TX,48,79763,,31.860323,-102.406926,,,,,,,
603,603,Ector,135,Lincoln TowerCasa de Retiro Lincoln Tower,311 W. 4th St.,,Odessa,TX,48,79761,,31.846213,-102.371127,,,,,,,
604,604,Ector,135,Lowe's Family Center Centro Familiar Lowe's,7528 W. University Blvd.,,Odessa,TX,48,79764,,31.849499,-102.464956,,,,,,,
605,605,Ector,135,Lutheran Church of the Risen Lord Iglesia Luterana del Senor Resucitado,1603 N. Grandview Ave.,,Odessa,TX,48,79761,,31.868254,-102.345749,,,,,,,
606,606,Ector,135,MCH Primary Care Centro Medico MCH,3001JBS Parkway,,Odessa,TX,48,79762,,31.881517,-102.33042,,,,,,,
607,607,Ector,135,MCH Primary Care Centro Medico MCH,6030 W University Blvd.,,Odessa,TX,48,79764,,31.85406,-102.445538,,,,,,,
608,608,Ector,135,Murry Fly Elementary Escuela Primaria Murry Fly,11688 W. Westview Dr.,,Odessa,TX,48,79764,,31.856933,-102.514905,,,,,,,
609,609,Ector,135,Northside Senior Center Centro de Ancianos Northside,1225 N. Adams Ave.,,Odessa,TX,48,79761,,31.85812,-102.368033,,,,,,,
610,610,Ector,135,Odessa Christian Faith Center180 Youth Bldg. Iglesia Odessa Christian Faith Center (Edificio 180),8828 Andrews Hwy.,,Odessa,TX,48,79762,,31.937807,-102.40234,,,,,,,
611,611,Ector,135,Odessa College Sports CenterCentro de Deportes Del Colegio de Odessa,201 W. University Blvd.,,Odessa,TX,48,79764,,31.867973,-102.38145,,,,,,,
612,612,Ector,135,Saint Luke's United Methodist Church Iglesia Metodista Saint Luke's,1601 E. 42nd St.,,Odessa,TX,48,79762,,31.887004,-102.364456,,,,,,,
613,613,Ector,135,Salinas Community Bldg. Edificio Comunitario Salinas,600 W. Clements St.,,Odessa,TX,48,79761,,31.833563,-102.365417,,,,,,,
614,614,Ector,135,Sherwood Community Bldg.Edificio Comunitario Sherwood,4819 N. Everglade Ave.,,Odessa,TX,48,79762,,31.892734,-102.373264,,,,,,,
615,615,Ector,135,St. Elizabeth Catholic Church Iglesia Cat61ica St. Elizabeth,7601 N.Grandview Ave .,,Odessa,TX,48,79765,,31.931105,-102.364586,,,,,,,
616,616,Ector,135,VFW Bingo Hall Bingo del VFW,208 E. 63rd St.,,Odessa,TX,48,79762,,31.903819,-102.389443,,,,,,,
617,617,Ector,135,Westlake HardwareTienda Ferreterfa Westlake,4652 E. University Blvd.,,Odessa,TX,48,79761,,31.879856,-102.327502,,,,,,,
618,618,Ector,135,Woodson Community Bldg. Edificio Comunitario Woodson,1010 E. Murphy St.,,Odessa,TX,48,79761,,31.843976,-102.354028,,,,,,,
619,619,Coryell,99,Copperas Cove Civic Center,1206 W Ave B,,Copperas Cove,TX,48,76522,,31.134451,-97.917355,,,,,,,
620,620,Coryell,99,Holy Family Catholic Church,1201 Veterans Ave,,Copperas Cove,TX,48,76522,,31.118111,-97.912479,,,,,,,
621,621,Coryell,99,Eastside Baptist Church,1202 ML King Jr BLVD,,Copperas Cove,TX,48,76522,,31.118317,-97.875582,,,,,,,
622,622,Coryell,99,Copperas Cove Annex,201 S. 2nd St,,Copperas Cove,TX,48,76522,,31.123472,-97.901185,,,,,,,
623,623,Coryell,99,Gatesville Annex,801 E Leon St,,Gatesville,TX,48,76528,,31.434167,-97.746288,,,,,,,
624,624,Coryell,99,Gatesville Civic Center,303 Veterans Memorial,,Gatesville,TX,48,76528,,31.41816,-97.73122,,,,,,,
625,625,Coryell,99,Evant City Hall,598 E Hwy 84,,Evant,TX,48,76525,,31.481275,-98.160091,,,,,,,
626,626,Coryell,99,Flat Community Center,159 CR 334,,Flat,TX,48,76544,,31.31896,-97.55472,,,,,,,
627,627,Coryell,99,Oglesby Community Center,118 Main St,,Oglesby,TX,48,76561,,31.419036,-97.506114,,,,,,,
628,628,Aransas,7,Rockport G.I. Forum,1911 Hardee Street,,Rockport,TX,48,78382,,27.998677,-97.077625,,,,,,,
629,629,Aransas,7,Agrilife Extension Building,892 Airport Road,,Rockport,TX,48,78382,,28.077568,-97.039945,,,,,,,
630,630,Aransas,7,Rockport VFW Hall,411 E. Market Street,,Rockport,TX,48,78382,,28.02139,-97.057873,,,,,,,
631,631,Aransas,7,Lamar Fire Station,302 Bois D’Arc,,Rockport,TX,48,78382,,28.03616,-97.05985,,,,,,,
632,632,Borden,33,BORDEN COUNTY COURTHOUSE,117 E Wassom,,Gail,TX,48,79738,,32.63767,-101.46248,,,,,,,
633,633,Borden,33,COUNTY CLERK’S OFFICE,117 E Wassom,,Gail,TX,48,79738,,32.63767,-101.46248,,,,,,,
634,634,Williamson,491,Bethany United Methodist Church ,10010 Anderson Mill Rd Austin,,Austin,TX,48,78750,,30.44716,-97.8007,,,,,,,
635,635,Williamson,491,Gateway Church ,7104 McNeil Austin,,Austin,TX,48,78717,,30.49311,-97.76616,,,,,,,
636,636,Williamson,491,Kelly Reeves Athletic Complex ,10211 W Parmer Lane Austin,,Austin,TX,48,78626,,30.63727,-97.65021,,,,,,,
637,637,Williamson,491,La Quinta Inn & Suites ­ ,AUS 10701 Lakeline Mall Dr Austin,,Austin,TX,48,78750,,30.47466,-97.79591,,,,,,,
638,638,Williamson,491,Cedar Park City Hall ,"450 Cypress Creek Rd, Bldg 3 Cedar Park",,Cedar Park,TX,48,78628,,30.65497,-97.69935,,,,,,,
639,639,Williamson,491,Cedar Park Library*                               ,550 Discovery Blvd Cedar Park,,Cedar Park,TX,48,78628,,30.65497,-97.69935,,,,,,,
640,640,Williamson,491,Cedar Park Recreation Center ,"1435 Main St, Town Center Cedar Park",,Cedar Park,TX,48,78729,,30.45563,-97.76824,,,,,,,
641,641,Williamson,491,Highland Estates IRL ,1500 N Lakeline Blvd Cedar Park,,Cedar Park,TX,48,78628,,30.65497,-97.69935,,,,,,,
642,642,Williamson,491,Vista Ridge HS ,200 S Vista Ridge Blvd Cedar Park,,Cedar Park,TX,48,78729,,30.45563,-97.76824,,,,,,,
643,643,Williamson,491,Coupland School ,620 S Commerce St Coupland,,Coupland,TX,48,78626,,30.45195,-97.39044,,,,,,,
644,644,Williamson,491,Andice Comm. Center ,6600 FM 970 Andice Florence,,Florence,TX,48,78633,,30.8433,-97.79482,,,,,,,
645,645,Williamson,491,Florence City Hall ,106 S Patterson Ave Florence,,Florence,TX,48,78615,,30.8433,-97.79482,,,,,,,
646,646,Williamson,491,County Central Maintenance Facility ,3151 SE Inner Loop Georgetown,,Georgetown,TX,48,78633,,30.6282,-97.64349,,,,,,,
647,647,Williamson,491,Cowan Creek Amenity Center*          ,1433 Cool Spring Way Georgetown,,Georgetown,TX,48,78634,,30.53951,-97.5562,,,,,,,
648,648,Williamson,491,Estrella Oaks Rehab & Care ,4011 Williams Dr Georgetown,,Georgetown,TX,48,76537,,30.67606,-97.70592,,,,,,,
649,649,Williamson,491,First Baptist Church ­ Georgetown ,1333 W University Ave Georgetown,,Georgetown,TX,48,78641,,30.63282,-97.70734,,,,,,,
650,650,Williamson,491,Georgetown Airport ­ Terminal Bldg ,500 Terminal Dr Georgetown,,Georgetown,TX,48,76527,,30.67938,-97.67603,,,,,,,
651,651,Williamson,491,GISD Administration Bldg* ,603 Lakeway Dr Georgetown,,Georgetown,TX,48,78626,,30.66822,-97.68821,,,,,,,
652,652,Williamson,491,Main Street Baptist Church ,111 West 10th St ­ Ministry Center Georgetown,,Georgetown,TX,48,78628,,30.635046,-97.6771,,,,,,,
653,653,Williamson,491,San Gabriel Presbyterian Church ,5404 Williams Dr Georgetown,,Georgetown,TX,48,78641,,30.7029,-97.7444,,,,,,,
654,654,Williamson,491,Sun City Social Center ,2 Texas Dr Georgetown,,Georgetown,TX,48,78641,,30.71698,-97.71569,,,,,,,
655,655,Williamson,491,Williamson County Inner Loop Annex* ,301 S E Inner Loop Georgetown,,Georgetown,TX,48,76527,,30.60673,-97.6788,,,,,,,
656,656,Williamson,491,SPJST Hall ,114 W Davilla St Granger,,Granger,TX,48,78717,,30.49311,-97.76616,,,,,,,
657,657,Williamson,491,Hutto ISD Admin. Building* ,200 College St Hutto,,Hutto,TX,48,76511,,30.54543,-97.54328,,,,,,,
658,658,Williamson,491,Jarrell Memorial Park Comm. Cntr ,1651 CR 305 Jarrell,,Jarrell,TX,48,78634,,30.83745,-97.620769,,,,,,,
659,659,Williamson,491,Leander Church of Christ ,300 Crystal Falls Parkway Leander,,Leander,TX,48,78641,,30.55678,-97.84769,,,,,,,
660,660,Williamson,491,Leander High School ,3301 S Bagdad Rd Leander,,Leander,TX,48,78664,,30.53651,-97.84772,,,,,,,
661,661,Williamson,491,Pat Bryson Municipal Hall*                 ,201 N Brushy St Leander,,Leander,TX,48,78664,,30.55005,-97.87394,,,,,,,
662,662,Williamson,491,Bluebonnet  Trail Comm. Services ,1009 N Georgetown Ave Round Rock,,Round Rock,TX,48,78641,,30.517496,-97.670713,,,,,,,
663,663,Williamson,491,Brushy Creek Comm. Center*         ,16318 Great Oaks Dr Round Rock,,Round Rock,TX,48,78681,,30.49515,-97.73544,,,,,,,
664,664,Williamson,491,Cedar Ridge High School ,2801 Gattis School Rd Round Rock,,Round Rock,TX,48,78681,,30.49638,-97.63843,,,,,,,
665,665,Williamson,491,Dell Diamond Heritage Center ,3400 E PALM VALLEY BLVD Round Rock,,Round Rock,TX,48,78664,,30.526557,-97.629085,,,,,,,
666,666,Williamson,491,Fern Bluff MUD Comm. Center ,7320 Wyoming Springs Dr ROUND ROCK,,Round Rock,TX,48,78664,,30.51875,-97.71951,,,,,,,
667,667,Williamson,491,JB & Hallie Jester  Annex*                  ,1801 E Old Settlers Blvd Round Rock,,Round Rock,TX,48,78664,,30.540706,-97.659136,,,,,,,
668,668,Williamson,491,Round Rock High School ,300 N Lake Creek Dr Round Rock,,Round Rock,TX,48,78664,,30.50835,-97.65166,,,,,,,
669,669,Williamson,491,Round Rock Presbyterian Church ,4010 Sam Bass Rd Round Rock,,Round Rock,TX,48,78681,,30.53558,-97.7422,,,,,,,
670,670,Williamson,491,Round Rock Randalls* ,2051 Gattis School Road Round Rock,,Round Rock,TX,48,78681,,30.49611,-97.65505,,,,,,,
671,671,Williamson,491,San Gabriel Rehab & Care ,4100 College Park Dr Round Rock,,Round Rock,TX,48,78664,,30.50835,-97.65166,,,,,,,
672,672,Williamson,491,Sleep Inn & Suites ,1980 South IH 35 (Ex 251 McNeil Rd) Round Rock,,Round Rock,TX,48,78681,,30.51292,-97.70767,,,,,,,
673,673,Williamson,491,Teravista Comm. Center ,4211 Teravista Club Dr Round Rock,,Round Rock,TX,48,76574,,30.57157,-97.67164,,,,,,,
674,674,Williamson,491,The Fellowship Church of Round Rock ,3379 Gattis School Rd Round Rock,,Round Rock,TX,48,76578,,30.4965,-97.62969,,,,,,,
675,675,Williamson,491,Main Street Events Center ,3101 North Main Taylor,,Taylor,TX,48,78664,,30.50835,-97.65166,,,,,,,
676,676,Williamson,491,Taylor City Hall*                                     , 400 PORTER ST Taylor,,Taylor,TX,48,75706,,30.57134,-97.40861,,,,,,,
677,677,Williamson,491,Taylor Public Library ,801 Vance St Taylor,,Taylor,TX,48,75702,,30.57488,-97.41241,,,,,,,
678,678,Williamson,491,First Baptist Church of Weir ,315 FM 1105 Weir,,Weir,TX,48,75701,,32.32338,-95.29509,,,,,,,
679,679,Smith,423,Bell Elementary,1409 Hankerson St,,Tyler,TX,48,75704,,32.331161,-95.284009,,,,,,,
680,680,Smith,423,New Harmony Baptist Church,10251 FM 724,,Tyler,TX,48,75708,,32.415738,-95.466504,,,,,,,
681,681,Smith,423,Rose Heights Church of God,2120 Old Omen Rd,,Tyler,TX,48,75703,,32.328182,-95.256473,,,,,,,
682,682,Smith,423,Old Tyler Airport,150 Airport Dr,,Tyler,TX,48,75701,,32.36184,-95.398638,,,,,,,
683,683,Smith,423,St Louis Baptist Church,4000 Frankston Hwy,,Tyler,TX,48,75771,,32.308345,-95.334263,,,,,,,
684,684,Smith,423,Red Springs Fire Department,16759 FM 14,,Tyler,TX,48,75703,,32.511548,-95.2706,,,,,,,
685,685,Smith,423,Boulter Middle School,2926 Garden Valley Rd,,Tyler,TX,48,75702,,32.365092,-95.335571,,,,,,,
686,686,Smith,423,Chapel Hill High School,13172 Hwy 64 E,,Tyler,TX,48,75791,,32.309842,-95.187938,,,,,,,
687,687,Smith,423,Glass Recreation Center,501 W 32nd St,,Tyler,TX,48,75705,,32.380767,-95.306528,,,,,,,
688,688,Smith,423,Jackson Elementary School,16406 FM 2767,,Tyler,TX,48,75701,,32.375553,-95.133223,,,,,,,
689,689,Smith,423,Heritage Building,1900 W BELLWOOD RD,,Tyler,TX,48,75702,,32.34133,-95.321289,,,,,,,
690,690,Smith,423,Arp 1stBaptist Church,304 S Front,,Arp,TX,48,75791,,32.23046,-95.22064,,,,,,,
691,691,Smith,423,Jones/Broshears Elementary,3450 Chandler Hwy,,Tyler,TX,48,75702,,32.346101,-95.337852,,,,,,,
692,692,Smith,423,Bullard 1stMethodist Church,204 Rather St,,Bullard,TX,48,75703,,32.138578,-95.322609,,,,,,,
693,693,Smith,423,TJ Austin Elementary School,1105 W Franklin St,,Tyler,TX,48,75792,,32.366581,-95.311628,,,,,,,
694,694,Smith,423,Flint Baptist Church,11131 FM 2968 W,,Flint,TX,48,77808,,30.75929,-96.3191,,,,,,,
695,695,Smith,423,Bethel Bible Church,17121 Hwy 69 S,,Tyler,TX,48,75789,,32.232201,-95.311442,,,,,,,
696,696,Smith,423,Broadway Church of Christ,100 Cumberland Rd,,Tyler,TX,48,79766,,32.256577,-95.30801,,,,,,,
697,697,Smith,423,Lindale Public Library,200 E Hubbard St,,Lindale,TX,48,75791,,32.515996,-95.408263,,,,,,,
698,698,Smith,423,Noonday Community Center,16662 CR 196,,Tyler,TX,48,76020,,32.238408,-95.407019,,,,,,,
699,699,Smith,423,Cameron Jarvis Library,102 S Georgia St,,Troup,TX,48,75704,,32.143575,-95.120597,,,,,,,
700,700,Smith,423,Owens Elementary School,11780 CR 168,,Tyler,TX,48,76020,,32.233607,-95.364342,,,,,,,
701,701,Smith,423,1st Church of the Nazarene,3700 OLD BULLARD RD,,Tyler,TX,48,77845,,32.307079,-95.303708,,,,,,,
702,702,Smith,423,Mt. Carmel Baptist Church,10519 FM 344 E,,Whitehouse,TX,48,77845,,32.178282,-95.240108,,,,,,,
703,703,Smith,423,Whitehouse Municipal Court,311 E Main St,,Whitehouse,TX,48,76082,,32.226852,-95.22217,,,,,,,
704,704,Smith,423,Shiloh Pines Mobile Home Community,2525 Shiloh Road,,Tyler,TX,48,76082,,32.295183,-95.269475,,,,,,,
705,705,Smith,423,Starrville Church of the Living God,18396 Hwy 271,,Winona,TX,48,78665,,32.455014,-95.098823,,,,,,,
706,706,Smith,423,Dover Baptist Church,21166 FM 1995,,Tyler,TX,48,76085,,32.477218,-95.52359,,,,,,,
707,707,Smith,423,Victor Kay Gymnasium,605 Wildcat Dr,,Winona,TX,48,76020,,32.493056,-95.182577,,,,,,,
708,708,Ector,135,Pleasant Farms Community Bldg. Edificio Comunitario Pleasant Farms,4455 West Apple St.,,Odessa,TX,48,76574,,31.673897,-102.37341,,,,,,,
709,709,Parker,367,RENO CITY HALL,195 W. RENO RD.,,RENO,TX,48,75701,,32.32338,-95.29509,,,,,,,
710,710,Parker,367,SILVER CREEK METHODIST CHURCH,2200 CHURCH RD. OFF 730,,AZLE,TX,48,76082,,32.8392,-97.59745,,,,,,,
711,711,Parker,367,CROSSTIMBERS ELEMENTARY SCHOOL,831 JACKSON TRAIL,,AZLE,TX,48,76086,,32.909607,-97.560986,,,,,,,
712,712,Parker,367,FIRST BAPTIST SPRINGTOWN,500 N. MAIN,,SPRINGTOWN,TX,48,76082,,32.970234,-97.684505,,,,,,,
713,713,Parker,367,OUTREACH OF LOVE CHURCH,3591 E. HWY 199,,SPRINGTOWN,TX,48,76088,,32.931951,-97.621424,,,,,,,
714,714,Parker,367,PARKER COUNTY NE ANNEX,1020 E. HWY.199,,SPRINGTOWN,TX,48,76086,,32.952889,-97.661826,,,,,,,
715,715,Parker,367,FRIENDSHIP BAPTIST CHURCH,801 FRIENDSHIP RD.,,WEATHERFORD,TX,48,76086,,32.851021,-97.73581,,,,,,,
716,716,Parker,367,AGNES BAPTIST CHURCH,350 AGNES NORTH,,SPRINGTOWN,TX,48,76086,,32.982649,-97.78676,,,,,,,
717,717,Parker,367,HARBERGER HILL COMMUNITY CTR RM B 701,NARROW ST.,,WEATHERFORD,TX,48,75701,,32.32338,-95.29509,,,,,,,
718,718,Parker,367,TRINITY LUTHERAN CHURCH,1500 BALL ST.,,WEATHERFORD,TX,48,76086,,32.763282,-97.826569,,,,,,,
719,719,Parker,367,POOLVILLE METHODIST CHURCH,230 NORTH CHURCH,,POOLVILLE,TX,48,76086,,32.975505,-97.859746,,,,,,,
720,720,Parker,367,WHITT FIRE DEPT,4312 N FM RD 52,,WHITT,TX,48,75707,,32.31523,-95.19562,,,,,,,
721,721,Parker,367,SHADY GROVE BAPTIST CHURCH,2470 W. LAMBERT RD.,,WEATHERFORD,TX,48,76087,,32.789844,-97.862157,,,,,,,
722,722,Parker,367,VICTORY BAPTIST CHURCH,1311 EAST BANKHEAD DR.,,WEATHERFORD,TX,48,76087,,32.75596,-97.772684,,,,,,,
723,723,Parker,367,PHOENIX MASONIC LODGE,1009 PALO PINTO ST,,WEATHERFORD,TX,48,76087,,32.758603,-97.81092,,,,,,,
724,724,Parker,367,SANTA FE DRIVE BAPTIST CHURCH,1502 SANTA FE DRIVE,,WEATHERFORD,TX,48,76088,,32.74189,-97.782198,,,,,,,
725,725,Parker,367,MILLSAP COMMUNITY CTR,104 FANNIN ST,,MILLSAP,TX,48,75702,,32.35057,-95.298288,,,,,,,
726,726,Parker,367,HARMONY BAPTIST CHURC,242 HARMONY ROAD,,WEATHERFORD,TX,48,75757,,32.695621,-97.798794,,,,,,,
727,727,Parker,367,PARKER COUNTY ESD # 6,4970 TIN TOP RD.,,WEATHERFORD,TX,48,76087,,32.611882,-97.803207,,,,,,,
728,728,Parker,367,BROCK BAPTIST CHURCH,2111 FM 1189,,BROCK,TX,48,75703,,32.676189,-97.940687,,,,,,,
729,729,Parker,367,FIRST BAPTIST CHURCH OF DENNIS,7600 FM 1189,,DENNIS,TX,48,76008,,32.69684,-97.60839,,,,,,,
730,730,Parker,367,SPRING CREEK BAPTIST CHURC,100 SPRING CREEK RD.,,WEATHERFORD,TX,48,77845,,32.651577,-97.776961,,,,,,,
731,731,Parker,367,GREENWOOD FIRE DEPARTMENT,1418 GREENWOOD CUT-OFF ROAD,,WEATHERFORD,TX,48,76086,,32.751104,-97.861119,,,,,,,
732,732,Parker,367,HUDSON OAKS CITY HALL,210 LAKESHORE DR,,WEATHERFORD,TX,48,76008,,32.757373,-97.699056,,,,,,,
733,733,Parker,367,WILLOW PARK MUNICIPAL BLDG,516 RANCH HOUSE RD,,WILLOW PARK,TX,48,76008,,32.743314,-97.635762,,,,,,,
734,734,Parker,367,CHURCH OF GOD CAMPGROUND,2240 FT WORTH HWY.,,WEATHERFORD,TX,48,76008,,32.756733,-97.73276,,,,,,,
735,735,Parker,367,ALEDO COMMUNITY CENTER,104 ROBINSON CT.,,ALEDO,TX,48,76020,,32.696166,-97.605324,,,,,,,
736,736,Parker,367,ALEDO ISD ADMIN. BUILDING,1008 BAILEY RANCH ROAD,,ALEDO,TX,48,75703,,32.710757,-97.610213,,,,,,,
737,737,Parker,367,NEW FAITH BAPTIST,3303 WEST FM 5,,ANNETTA,TX,48,77803,,32.668467,-97.659423,,,,,,,
738,738,Parker,367,PARKER COUNTY PRECINCT BARN #4,1320 AIRPORT ROAD,,ALEDO,TX,48,75792,,32.709111,-97.684511,,,,,,,
739,739,Parker,367,LAKESHORE DRIVE BAPTIST CHURCH,200 S. LAKESHORE DR.,,HUDSON OAKS,TX,48,77840,,32.751271,-97.699431,,,,,,,
740,740,Parker,367,AZLE MASONIC LODGE,257 W. MAIN,,AZLE,TX,48,76087,,32.894313,-97.546179,,,,,,,
741,741,Brazos,41,Lincoln Center,1000 Eleanor,,College Station,TX,48,76087,,30.59989,-96.331638,,,,,,,
742,742,Brazos,41,Memorial Student Center,Texas A&M Campus,,College Station,TX,48,77845,,30.57697,-96.29491,,,,,,,
743,743,Brazos,41,Parkway Baptist Church,,,College Station,TX,48,75771,,32.51746,-95.41363,,,,,,,
